"CU_ID","Year","AllSitesInfilled","LowUnkSitesInfilled","ModHighSitesInfilled","DU_ID","CU_Name","CU_acro"
"CK-01",1997,5,5,NA,"DU_Ok","Okanagan_1.x","OK"
"CK-01",1998,4,4,NA,"DU_Ok","Okanagan_1.x","OK"
"CK-02",1996,123,NA,123,"DU1","Boundary Bay_FA_0.3","BB"
"CK-02",1997,381,NA,381,"DU1","Boundary Bay_FA_0.3","BB"
"CK-03",1975,15000,15000,NA,"DU2","Lower Fraser River_FA_0.3","LFR-fall"
"CK-03",1976,7500,7500,NA,"DU2","Lower Fraser River_FA_0.3","LFR-fall"
"CK-03",1977,25000,25000,NA,"DU2","Lower Fraser River_FA_0.3","LFR-fall"
"CK-03",1978,15000,15000,NA,"DU2","Lower Fraser River_FA_0.3","LFR-fall"
"CK-03",1979,15000,15000,NA,"DU2","Lower Fraser River_FA_0.3","LFR-fall"
"CK-03",1980,10000,10000,NA,"DU2","Lower Fraser River_FA_0.3","LFR-fall"
"CK-03",1981,20000,20000,NA,"DU2","Lower Fraser River_FA_0.3","LFR-fall"
"CK-03",1982,22000,22000,NA,"DU2","Lower Fraser River_FA_0.3","LFR-fall"
"CK-03",1983,6000,6000,NA,"DU2","Lower Fraser River_FA_0.3","LFR-fall"
"CK-03",1984,122395,122395,NA,"DU2","Lower Fraser River_FA_0.3","LFR-fall"
"CK-03",1985,175401,175401,NA,"DU2","Lower Fraser River_FA_0.3","LFR-fall"
"CK-03",1986,163312,163312,NA,"DU2","Lower Fraser River_FA_0.3","LFR-fall"
"CK-03",1987,79956,79956,NA,"DU2","Lower Fraser River_FA_0.3","LFR-fall"
"CK-03",1988,35572,35572,NA,"DU2","Lower Fraser River_FA_0.3","LFR-fall"
"CK-03",1989,76032,76032,NA,"DU2","Lower Fraser River_FA_0.3","LFR-fall"
"CK-03",1990,178839,178839,NA,"DU2","Lower Fraser River_FA_0.3","LFR-fall"
"CK-03",1991,92050,92050,NA,"DU2","Lower Fraser River_FA_0.3","LFR-fall"
"CK-03",1992,132363,132363,NA,"DU2","Lower Fraser River_FA_0.3","LFR-fall"
"CK-03",1993,120487,120487,NA,"DU2","Lower Fraser River_FA_0.3","LFR-fall"
"CK-03",1994,99659,99659,NA,"DU2","Lower Fraser River_FA_0.3","LFR-fall"
"CK-03",1995,28830,28830,NA,"DU2","Lower Fraser River_FA_0.3","LFR-fall"
"CK-03",1996,38600,38600,NA,"DU2","Lower Fraser River_FA_0.3","LFR-fall"
"CK-03",1997,71955,71955,NA,"DU2","Lower Fraser River_FA_0.3","LFR-fall"
"CK-03",1998,189350,189350,NA,"DU2","Lower Fraser River_FA_0.3","LFR-fall"
"CK-03",1999,108038,108038,NA,"DU2","Lower Fraser River_FA_0.3","LFR-fall"
"CK-03",2000,127241,127241,NA,"DU2","Lower Fraser River_FA_0.3","LFR-fall"
"CK-03",2001,115009,115009,NA,"DU2","Lower Fraser River_FA_0.3","LFR-fall"
"CK-03",2002,84537,84537,NA,"DU2","Lower Fraser River_FA_0.3","LFR-fall"
"CK-03",2003,247915,247915,NA,"DU2","Lower Fraser River_FA_0.3","LFR-fall"
"CK-03",2004,140440,140440,NA,"DU2","Lower Fraser River_FA_0.3","LFR-fall"
"CK-03",2005,88756,88756,NA,"DU2","Lower Fraser River_FA_0.3","LFR-fall"
"CK-03",2006,60618,60618,NA,"DU2","Lower Fraser River_FA_0.3","LFR-fall"
"CK-03",2007,76655,76655,NA,"DU2","Lower Fraser River_FA_0.3","LFR-fall"
"CK-03",2008,41781,41781,NA,"DU2","Lower Fraser River_FA_0.3","LFR-fall"
"CK-03",2009,70271,70271,NA,"DU2","Lower Fraser River_FA_0.3","LFR-fall"
"CK-03",2010,103875,103875,NA,"DU2","Lower Fraser River_FA_0.3","LFR-fall"
"CK-03",2011,123860,123860,NA,"DU2","Lower Fraser River_FA_0.3","LFR-fall"
"CK-03",2012,44673,44673,NA,"DU2","Lower Fraser River_FA_0.3","LFR-fall"
"CK-03",2013,43160,43160,NA,"DU2","Lower Fraser River_FA_0.3","LFR-fall"
"CK-03",2014,44915,44915,NA,"DU2","Lower Fraser River_FA_0.3","LFR-fall"
"CK-03",2015,101780,101780,NA,"DU2","Lower Fraser River_FA_0.3","LFR-fall"
"CK-03",2016,41327,41327,NA,"DU2","Lower Fraser River_FA_0.3","LFR-fall"
"CK-03",2017,29799,29799,NA,"DU2","Lower Fraser River_FA_0.3","LFR-fall"
"CK-03",2018,46094,46094,NA,"DU2","Lower Fraser River_FA_0.3","LFR-fall"
"CK-03",2019,45186,45186,NA,"DU2","Lower Fraser River_FA_0.3","LFR-fall"
"CK-03",2020,43087,43087,NA,"DU2","Lower Fraser River_FA_0.3","LFR-fall"
"CK-03",2021,36449,36449,NA,"DU2","Lower Fraser River_FA_0.3","LFR-fall"
"CK-03",2022,81649,81649,NA,"DU2","Lower Fraser River_FA_0.3","LFR-fall"
"CK-04",1975,356,356,NA,"DU3","Lower Fraser River_SP_1.3","LFR-spring"
"CK-04",1976,473,473,NA,"DU3","Lower Fraser River_SP_1.3","LFR-spring"
"CK-04",1977,854,854,NA,"DU3","Lower Fraser River_SP_1.3","LFR-spring"
"CK-04",1978,418,418,NA,"DU3","Lower Fraser River_SP_1.3","LFR-spring"
"CK-04",1979,470,470,NA,"DU3","Lower Fraser River_SP_1.3","LFR-spring"
"CK-04",1980,340,340,NA,"DU3","Lower Fraser River_SP_1.3","LFR-spring"
"CK-04",1981,135,135,NA,"DU3","Lower Fraser River_SP_1.3","LFR-spring"
"CK-04",1982,846,846,NA,"DU3","Lower Fraser River_SP_1.3","LFR-spring"
"CK-04",1983,640,640,NA,"DU3","Lower Fraser River_SP_1.3","LFR-spring"
"CK-04",1984,571,571,NA,"DU3","Lower Fraser River_SP_1.3","LFR-spring"
"CK-04",1985,218,218,NA,"DU3","Lower Fraser River_SP_1.3","LFR-spring"
"CK-04",1986,273,273,NA,"DU3","Lower Fraser River_SP_1.3","LFR-spring"
"CK-04",1987,130,130,NA,"DU3","Lower Fraser River_SP_1.3","LFR-spring"
"CK-04",1988,147,147,NA,"DU3","Lower Fraser River_SP_1.3","LFR-spring"
"CK-04",1989,303,303,NA,"DU3","Lower Fraser River_SP_1.3","LFR-spring"
"CK-04",1990,441,441,NA,"DU3","Lower Fraser River_SP_1.3","LFR-spring"
"CK-04",1991,273,273,NA,"DU3","Lower Fraser River_SP_1.3","LFR-spring"
"CK-04",1992,788,788,NA,"DU3","Lower Fraser River_SP_1.3","LFR-spring"
"CK-04",1993,263,263,NA,"DU3","Lower Fraser River_SP_1.3","LFR-spring"
"CK-04",1994,379,379,NA,"DU3","Lower Fraser River_SP_1.3","LFR-spring"
"CK-04",1995,183,183,NA,"DU3","Lower Fraser River_SP_1.3","LFR-spring"
"CK-04",1996,344,344,NA,"DU3","Lower Fraser River_SP_1.3","LFR-spring"
"CK-04",1997,634,634,NA,"DU3","Lower Fraser River_SP_1.3","LFR-spring"
"CK-04",1998,636,636,NA,"DU3","Lower Fraser River_SP_1.3","LFR-spring"
"CK-04",1999,166,166,NA,"DU3","Lower Fraser River_SP_1.3","LFR-spring"
"CK-04",2000,446,446,NA,"DU3","Lower Fraser River_SP_1.3","LFR-spring"
"CK-04",2001,703,703,NA,"DU3","Lower Fraser River_SP_1.3","LFR-spring"
"CK-04",2002,512,512,NA,"DU3","Lower Fraser River_SP_1.3","LFR-spring"
"CK-04",2003,480,480,NA,"DU3","Lower Fraser River_SP_1.3","LFR-spring"
"CK-04",2004,202,202,NA,"DU3","Lower Fraser River_SP_1.3","LFR-spring"
"CK-04",2005,1491,1491,NA,"DU3","Lower Fraser River_SP_1.3","LFR-spring"
"CK-04",2006,1259,1259,NA,"DU3","Lower Fraser River_SP_1.3","LFR-spring"
"CK-04",2007,1968,1968,NA,"DU3","Lower Fraser River_SP_1.3","LFR-spring"
"CK-04",2008,234,234,NA,"DU3","Lower Fraser River_SP_1.3","LFR-spring"
"CK-04",2009,631,631,NA,"DU3","Lower Fraser River_SP_1.3","LFR-spring"
"CK-04",2010,1520,1520,NA,"DU3","Lower Fraser River_SP_1.3","LFR-spring"
"CK-04",2011,941,941,NA,"DU3","Lower Fraser River_SP_1.3","LFR-spring"
"CK-04",2012,624,624,NA,"DU3","Lower Fraser River_SP_1.3","LFR-spring"
"CK-04",2013,224,224,NA,"DU3","Lower Fraser River_SP_1.3","LFR-spring"
"CK-04",2014,383,383,NA,"DU3","Lower Fraser River_SP_1.3","LFR-spring"
"CK-04",2015,460,460,NA,"DU3","Lower Fraser River_SP_1.3","LFR-spring"
"CK-04",2016,238,238,NA,"DU3","Lower Fraser River_SP_1.3","LFR-spring"
"CK-04",2017,320,320,NA,"DU3","Lower Fraser River_SP_1.3","LFR-spring"
"CK-04",2018,144,144,NA,"DU3","Lower Fraser River_SP_1.3","LFR-spring"
"CK-04",2019,178,178,NA,"DU3","Lower Fraser River_SP_1.3","LFR-spring"
"CK-04",2020,191,191,NA,"DU3","Lower Fraser River_SP_1.3","LFR-spring"
"CK-04",2021,134,134,NA,"DU3","Lower Fraser River_SP_1.3","LFR-spring"
"CK-04",2022,275,275,NA,"DU3","Lower Fraser River_SP_1.3","LFR-spring"
"CK-05",1975,NA,NA,NA,"DU4","Lower Fraser River-Upper Pitt_SU_1.3","LFR-UPITT"
"CK-05",1976,NA,NA,NA,"DU4","Lower Fraser River-Upper Pitt_SU_1.3","LFR-UPITT"
"CK-05",1977,NA,NA,NA,"DU4","Lower Fraser River-Upper Pitt_SU_1.3","LFR-UPITT"
"CK-05",1978,NA,NA,NA,"DU4","Lower Fraser River-Upper Pitt_SU_1.3","LFR-UPITT"
"CK-05",1979,NA,NA,NA,"DU4","Lower Fraser River-Upper Pitt_SU_1.3","LFR-UPITT"
"CK-05",1980,NA,NA,NA,"DU4","Lower Fraser River-Upper Pitt_SU_1.3","LFR-UPITT"
"CK-05",1981,NA,NA,NA,"DU4","Lower Fraser River-Upper Pitt_SU_1.3","LFR-UPITT"
"CK-05",1982,NA,NA,NA,"DU4","Lower Fraser River-Upper Pitt_SU_1.3","LFR-UPITT"
"CK-05",1983,NA,NA,NA,"DU4","Lower Fraser River-Upper Pitt_SU_1.3","LFR-UPITT"
"CK-05",1984,NA,NA,NA,"DU4","Lower Fraser River-Upper Pitt_SU_1.3","LFR-UPITT"
"CK-05",1985,NA,NA,NA,"DU4","Lower Fraser River-Upper Pitt_SU_1.3","LFR-UPITT"
"CK-05",1986,NA,NA,NA,"DU4","Lower Fraser River-Upper Pitt_SU_1.3","LFR-UPITT"
"CK-05",1987,NA,NA,NA,"DU4","Lower Fraser River-Upper Pitt_SU_1.3","LFR-UPITT"
"CK-05",1988,NA,NA,NA,"DU4","Lower Fraser River-Upper Pitt_SU_1.3","LFR-UPITT"
"CK-05",1989,NA,NA,NA,"DU4","Lower Fraser River-Upper Pitt_SU_1.3","LFR-UPITT"
"CK-05",1990,NA,NA,NA,"DU4","Lower Fraser River-Upper Pitt_SU_1.3","LFR-UPITT"
"CK-05",1991,NA,NA,NA,"DU4","Lower Fraser River-Upper Pitt_SU_1.3","LFR-UPITT"
"CK-05",1992,NA,NA,NA,"DU4","Lower Fraser River-Upper Pitt_SU_1.3","LFR-UPITT"
"CK-05",1993,NA,NA,NA,"DU4","Lower Fraser River-Upper Pitt_SU_1.3","LFR-UPITT"
"CK-05",2002,276,276,NA,"DU4","Lower Fraser River-Upper Pitt_SU_1.3","LFR-UPITT"
"CK-05",2003,180,180,NA,"DU4","Lower Fraser River-Upper Pitt_SU_1.3","LFR-UPITT"
"CK-05",2005,188,188,NA,"DU4","Lower Fraser River-Upper Pitt_SU_1.3","LFR-UPITT"
"CK-05",2006,211,211,NA,"DU4","Lower Fraser River-Upper Pitt_SU_1.3","LFR-UPITT"
"CK-05",2007,103,103,NA,"DU4","Lower Fraser River-Upper Pitt_SU_1.3","LFR-UPITT"
"CK-05",2008,198,198,NA,"DU4","Lower Fraser River-Upper Pitt_SU_1.3","LFR-UPITT"
"CK-05",2009,105,105,NA,"DU4","Lower Fraser River-Upper Pitt_SU_1.3","LFR-UPITT"
"CK-05",2010,85,85,NA,"DU4","Lower Fraser River-Upper Pitt_SU_1.3","LFR-UPITT"
"CK-05",2011,178,178,NA,"DU4","Lower Fraser River-Upper Pitt_SU_1.3","LFR-UPITT"
"CK-05",2012,103,103,NA,"DU4","Lower Fraser River-Upper Pitt_SU_1.3","LFR-UPITT"
"CK-05",2014,75,75,NA,"DU4","Lower Fraser River-Upper Pitt_SU_1.3","LFR-UPITT"
"CK-05",2016,49,49,NA,"DU4","Lower Fraser River-Upper Pitt_SU_1.3","LFR-UPITT"
"CK-05",2017,74,74,NA,"DU4","Lower Fraser River-Upper Pitt_SU_1.3","LFR-UPITT"
"CK-05",2018,175,175,NA,"DU4","Lower Fraser River-Upper Pitt_SU_1.3","LFR-UPITT"
"CK-05",2019,18,18,NA,"DU4","Lower Fraser River-Upper Pitt_SU_1.3","LFR-UPITT"
"CK-05",2020,NA,NA,NA,"DU4","Lower Fraser River-Upper Pitt_SU_1.3","LFR-UPITT"
"CK-05",2021,86,86,NA,"DU4","Lower Fraser River-Upper Pitt_SU_1.3","LFR-UPITT"
"CK-05",2022,11,11,NA,"DU4","Lower Fraser River-Upper Pitt_SU_1.3","LFR-UPITT"
"CK-06",1975,NA,NA,NA,"DU5","Lower Fraser River_SU_1.3","LFR-summer"
"CK-06",1976,NA,NA,NA,"DU5","Lower Fraser River_SU_1.3","LFR-summer"
"CK-06",1977,NA,NA,NA,"DU5","Lower Fraser River_SU_1.3","LFR-summer"
"CK-06",1978,NA,NA,NA,"DU5","Lower Fraser River_SU_1.3","LFR-summer"
"CK-06",1979,NA,NA,NA,"DU5","Lower Fraser River_SU_1.3","LFR-summer"
"CK-06",1980,NA,NA,NA,"DU5","Lower Fraser River_SU_1.3","LFR-summer"
"CK-06",1981,NA,NA,NA,"DU5","Lower Fraser River_SU_1.3","LFR-summer"
"CK-06",1982,NA,NA,NA,"DU5","Lower Fraser River_SU_1.3","LFR-summer"
"CK-06",1983,NA,NA,NA,"DU5","Lower Fraser River_SU_1.3","LFR-summer"
"CK-06",1984,NA,NA,NA,"DU5","Lower Fraser River_SU_1.3","LFR-summer"
"CK-06",1985,NA,NA,NA,"DU5","Lower Fraser River_SU_1.3","LFR-summer"
"CK-06",1986,NA,NA,NA,"DU5","Lower Fraser River_SU_1.3","LFR-summer"
"CK-06",2005,134,134,NA,"DU5","Lower Fraser River_SU_1.3","LFR-summer"
"CK-06",2006,209,209,NA,"DU5","Lower Fraser River_SU_1.3","LFR-summer"
"CK-06",2007,62,62,NA,"DU5","Lower Fraser River_SU_1.3","LFR-summer"
"CK-06",2008,20,20,NA,"DU5","Lower Fraser River_SU_1.3","LFR-summer"
"CK-06",2009,38,38,NA,"DU5","Lower Fraser River_SU_1.3","LFR-summer"
"CK-06",2010,32,32,NA,"DU5","Lower Fraser River_SU_1.3","LFR-summer"
"CK-06",2011,63,63,NA,"DU5","Lower Fraser River_SU_1.3","LFR-summer"
"CK-06",2012,103,103,NA,"DU5","Lower Fraser River_SU_1.3","LFR-summer"
"CK-06",2013,NA,NA,NA,"DU5","Lower Fraser River_SU_1.3","LFR-summer"
"CK-06",2014,NA,NA,NA,"DU5","Lower Fraser River_SU_1.3","LFR-summer"
"CK-06",2015,94,94,NA,"DU5","Lower Fraser River_SU_1.3","LFR-summer"
"CK-06",2016,48,48,NA,"DU5","Lower Fraser River_SU_1.3","LFR-summer"
"CK-06",2017,105,105,NA,"DU5","Lower Fraser River_SU_1.3","LFR-summer"
"CK-06",2018,20,20,NA,"DU5","Lower Fraser River_SU_1.3","LFR-summer"
"CK-06",2019,31,31,NA,"DU5","Lower Fraser River_SU_1.3","LFR-summer"
"CK-06",2020,66,66,NA,"DU5","Lower Fraser River_SU_1.3","LFR-summer"
"CK-06",2021,60,60,NA,"DU5","Lower Fraser River_SU_1.3","LFR-summer"
"CK-06",2022,12,12,NA,"DU5","Lower Fraser River_SU_1.3","LFR-summer"
"CK-07",1975,NA,NA,NA,"DU6","Maria Slough_SU_0.3","Maria"
"CK-07",1976,NA,NA,NA,"DU6","Maria Slough_SU_0.3","Maria"
"CK-07",1977,NA,NA,NA,"DU6","Maria Slough_SU_0.3","Maria"
"CK-07",1978,NA,NA,NA,"DU6","Maria Slough_SU_0.3","Maria"
"CK-07",1979,NA,NA,NA,"DU6","Maria Slough_SU_0.3","Maria"
"CK-07",1980,NA,NA,NA,"DU6","Maria Slough_SU_0.3","Maria"
"CK-07",1981,NA,NA,NA,"DU6","Maria Slough_SU_0.3","Maria"
"CK-07",1982,NA,NA,NA,"DU6","Maria Slough_SU_0.3","Maria"
"CK-07",1983,NA,NA,NA,"DU6","Maria Slough_SU_0.3","Maria"
"CK-07",1984,NA,NA,NA,"DU6","Maria Slough_SU_0.3","Maria"
"CK-07",1985,NA,NA,NA,"DU6","Maria Slough_SU_0.3","Maria"
"CK-07",1986,NA,NA,NA,"DU6","Maria Slough_SU_0.3","Maria"
"CK-07",1987,NA,NA,NA,"DU6","Maria Slough_SU_0.3","Maria"
"CK-07",1988,NA,NA,NA,"DU6","Maria Slough_SU_0.3","Maria"
"CK-07",1989,NA,NA,NA,"DU6","Maria Slough_SU_0.3","Maria"
"CK-07",1990,NA,NA,NA,"DU6","Maria Slough_SU_0.3","Maria"
"CK-07",1996,100,100,NA,"DU6","Maria Slough_SU_0.3","Maria"
"CK-07",1997,100,100,NA,"DU6","Maria Slough_SU_0.3","Maria"
"CK-07",1998,176,176,NA,"DU6","Maria Slough_SU_0.3","Maria"
"CK-07",1999,220,220,NA,"DU6","Maria Slough_SU_0.3","Maria"
"CK-07",2000,282,282,NA,"DU6","Maria Slough_SU_0.3","Maria"
"CK-07",2001,422,422,NA,"DU6","Maria Slough_SU_0.3","Maria"
"CK-07",2002,1115,1115,NA,"DU6","Maria Slough_SU_0.3","Maria"
"CK-07",2003,805,805,NA,"DU6","Maria Slough_SU_0.3","Maria"
"CK-07",2004,NA,NA,NA,"DU6","Maria Slough_SU_0.3","Maria"
"CK-07",2005,497,497,NA,"DU6","Maria Slough_SU_0.3","Maria"
"CK-07",2006,321,321,NA,"DU6","Maria Slough_SU_0.3","Maria"
"CK-07",2007,713,713,NA,"DU6","Maria Slough_SU_0.3","Maria"
"CK-07",2008,628,628,NA,"DU6","Maria Slough_SU_0.3","Maria"
"CK-07",2009,594,594,NA,"DU6","Maria Slough_SU_0.3","Maria"
"CK-07",2010,617,617,NA,"DU6","Maria Slough_SU_0.3","Maria"
"CK-07",2011,1509,1509,NA,"DU6","Maria Slough_SU_0.3","Maria"
"CK-07",2012,328,328,NA,"DU6","Maria Slough_SU_0.3","Maria"
"CK-07",2013,1043,1043,NA,"DU6","Maria Slough_SU_0.3","Maria"
"CK-07",2014,346,346,NA,"DU6","Maria Slough_SU_0.3","Maria"
"CK-07",2015,1238,1238,NA,"DU6","Maria Slough_SU_0.3","Maria"
"CK-07",2016,105,105,NA,"DU6","Maria Slough_SU_0.3","Maria"
"CK-07",2017,71,71,NA,"DU6","Maria Slough_SU_0.3","Maria"
"CK-07",2018,0,0,NA,"DU6","Maria Slough_SU_0.3","Maria"
"CK-07",2019,302,302,NA,"DU6","Maria Slough_SU_0.3","Maria"
"CK-07",2020,26,26,NA,"DU6","Maria Slough_SU_0.3","Maria"
"CK-07",2021,32,32,NA,"DU6","Maria Slough_SU_0.3","Maria"
"CK-07",2022,38,38,NA,"DU6","Maria Slough_SU_0.3","Maria"
"CK-08",1975,NA,NA,NA,"DU7","Middle Fraser-Fraser Canyon_SP_1.3","FRCanyon"
"CK-08",1976,NA,NA,NA,"DU7","Middle Fraser-Fraser Canyon_SP_1.3","FRCanyon"
"CK-08",1977,NA,NA,NA,"DU7","Middle Fraser-Fraser Canyon_SP_1.3","FRCanyon"
"CK-08",1978,NA,NA,NA,"DU7","Middle Fraser-Fraser Canyon_SP_1.3","FRCanyon"
"CK-08",1979,NA,NA,NA,"DU7","Middle Fraser-Fraser Canyon_SP_1.3","FRCanyon"
"CK-08",1980,NA,NA,NA,"DU7","Middle Fraser-Fraser Canyon_SP_1.3","FRCanyon"
"CK-08",1981,NA,NA,NA,"DU7","Middle Fraser-Fraser Canyon_SP_1.3","FRCanyon"
"CK-08",1982,NA,NA,NA,"DU7","Middle Fraser-Fraser Canyon_SP_1.3","FRCanyon"
"CK-08",1983,NA,NA,NA,"DU7","Middle Fraser-Fraser Canyon_SP_1.3","FRCanyon"
"CK-08",1984,NA,NA,NA,"DU7","Middle Fraser-Fraser Canyon_SP_1.3","FRCanyon"
"CK-08",1985,NA,NA,NA,"DU7","Middle Fraser-Fraser Canyon_SP_1.3","FRCanyon"
"CK-08",1987,NA,NA,NA,"DU7","Middle Fraser-Fraser Canyon_SP_1.3","FRCanyon"
"CK-08",1988,NA,NA,NA,"DU7","Middle Fraser-Fraser Canyon_SP_1.3","FRCanyon"
"CK-08",1989,NA,NA,NA,"DU7","Middle Fraser-Fraser Canyon_SP_1.3","FRCanyon"
"CK-08",1990,NA,NA,NA,"DU7","Middle Fraser-Fraser Canyon_SP_1.3","FRCanyon"
"CK-08",1992,NA,NA,NA,"DU7","Middle Fraser-Fraser Canyon_SP_1.3","FRCanyon"
"CK-08",1993,NA,NA,NA,"DU7","Middle Fraser-Fraser Canyon_SP_1.3","FRCanyon"
"CK-08",1994,NA,NA,NA,"DU7","Middle Fraser-Fraser Canyon_SP_1.3","FRCanyon"
"CK-08",1996,10,10,NA,"DU7","Middle Fraser-Fraser Canyon_SP_1.3","FRCanyon"
"CK-08",1997,48,48,NA,"DU7","Middle Fraser-Fraser Canyon_SP_1.3","FRCanyon"
"CK-08",1998,10,10,NA,"DU7","Middle Fraser-Fraser Canyon_SP_1.3","FRCanyon"
"CK-08",2000,40,40,NA,"DU7","Middle Fraser-Fraser Canyon_SP_1.3","FRCanyon"
"CK-08",2001,97,97,NA,"DU7","Middle Fraser-Fraser Canyon_SP_1.3","FRCanyon"
"CK-08",2002,169,169,NA,"DU7","Middle Fraser-Fraser Canyon_SP_1.3","FRCanyon"
"CK-08",2003,89,89,NA,"DU7","Middle Fraser-Fraser Canyon_SP_1.3","FRCanyon"
"CK-08",2004,54,54,NA,"DU7","Middle Fraser-Fraser Canyon_SP_1.3","FRCanyon"
"CK-08",2009,17,17,NA,"DU7","Middle Fraser-Fraser Canyon_SP_1.3","FRCanyon"
"CK-08",2010,2,2,NA,"DU7","Middle Fraser-Fraser Canyon_SP_1.3","FRCanyon"
"CK-08",2011,11,11,NA,"DU7","Middle Fraser-Fraser Canyon_SP_1.3","FRCanyon"
"CK-08",2012,65,65,NA,"DU7","Middle Fraser-Fraser Canyon_SP_1.3","FRCanyon"
"CK-08",2013,34,34,NA,"DU7","Middle Fraser-Fraser Canyon_SP_1.3","FRCanyon"
"CK-08",2014,2,2,NA,"DU7","Middle Fraser-Fraser Canyon_SP_1.3","FRCanyon"
"CK-08",2015,6,6,NA,"DU7","Middle Fraser-Fraser Canyon_SP_1.3","FRCanyon"
"CK-08",2016,17,17,NA,"DU7","Middle Fraser-Fraser Canyon_SP_1.3","FRCanyon"
"CK-08",2017,8,8,NA,"DU7","Middle Fraser-Fraser Canyon_SP_1.3","FRCanyon"
"CK-08",2018,11,11,NA,"DU7","Middle Fraser-Fraser Canyon_SP_1.3","FRCanyon"
"CK-08",2019,80,80,NA,"DU7","Middle Fraser-Fraser Canyon_SP_1.3","FRCanyon"
"CK-08",2020,71,71,NA,"DU7","Middle Fraser-Fraser Canyon_SP_1.3","FRCanyon"
"CK-08",2021,30,30,NA,"DU7","Middle Fraser-Fraser Canyon_SP_1.3","FRCanyon"
"CK-08",2022,86,86,NA,"DU7","Middle Fraser-Fraser Canyon_SP_1.3","FRCanyon"
"CK-09",1975,NA,NA,NA,"DU8","Middle Fraser River-Portage_FA_1.3","Portage"
"CK-09",1976,NA,NA,NA,"DU8","Middle Fraser River-Portage_FA_1.3","Portage"
"CK-09",1977,NA,NA,NA,"DU8","Middle Fraser River-Portage_FA_1.3","Portage"
"CK-09",1978,NA,NA,NA,"DU8","Middle Fraser River-Portage_FA_1.3","Portage"
"CK-09",1979,NA,NA,NA,"DU8","Middle Fraser River-Portage_FA_1.3","Portage"
"CK-09",1980,NA,NA,NA,"DU8","Middle Fraser River-Portage_FA_1.3","Portage"
"CK-09",1981,NA,NA,NA,"DU8","Middle Fraser River-Portage_FA_1.3","Portage"
"CK-09",1982,NA,NA,NA,"DU8","Middle Fraser River-Portage_FA_1.3","Portage"
"CK-09",1983,NA,NA,NA,"DU8","Middle Fraser River-Portage_FA_1.3","Portage"
"CK-09",1984,NA,NA,NA,"DU8","Middle Fraser River-Portage_FA_1.3","Portage"
"CK-09",1985,NA,NA,NA,"DU8","Middle Fraser River-Portage_FA_1.3","Portage"
"CK-09",1986,NA,NA,NA,"DU8","Middle Fraser River-Portage_FA_1.3","Portage"
"CK-09",1987,NA,NA,NA,"DU8","Middle Fraser River-Portage_FA_1.3","Portage"
"CK-09",1988,NA,NA,NA,"DU8","Middle Fraser River-Portage_FA_1.3","Portage"
"CK-09",1989,NA,NA,NA,"DU8","Middle Fraser River-Portage_FA_1.3","Portage"
"CK-09",1990,NA,NA,NA,"DU8","Middle Fraser River-Portage_FA_1.3","Portage"
"CK-09",1992,NA,NA,NA,"DU8","Middle Fraser River-Portage_FA_1.3","Portage"
"CK-09",1993,NA,NA,NA,"DU8","Middle Fraser River-Portage_FA_1.3","Portage"
"CK-09",1994,NA,NA,NA,"DU8","Middle Fraser River-Portage_FA_1.3","Portage"
"CK-09",1995,10,10,NA,"DU8","Middle Fraser River-Portage_FA_1.3","Portage"
"CK-09",1996,300,300,NA,"DU8","Middle Fraser River-Portage_FA_1.3","Portage"
"CK-09",1997,32,32,NA,"DU8","Middle Fraser River-Portage_FA_1.3","Portage"
"CK-09",1998,18,18,NA,"DU8","Middle Fraser River-Portage_FA_1.3","Portage"
"CK-09",1999,200,200,NA,"DU8","Middle Fraser River-Portage_FA_1.3","Portage"
"CK-09",2000,46,46,NA,"DU8","Middle Fraser River-Portage_FA_1.3","Portage"
"CK-09",2001,248,248,NA,"DU8","Middle Fraser River-Portage_FA_1.3","Portage"
"CK-09",2002,445,445,NA,"DU8","Middle Fraser River-Portage_FA_1.3","Portage"
"CK-09",2003,158,158,NA,"DU8","Middle Fraser River-Portage_FA_1.3","Portage"
"CK-09",2004,103,103,NA,"DU8","Middle Fraser River-Portage_FA_1.3","Portage"
"CK-09",2005,83,83,NA,"DU8","Middle Fraser River-Portage_FA_1.3","Portage"
"CK-09",2006,245,245,NA,"DU8","Middle Fraser River-Portage_FA_1.3","Portage"
"CK-09",2007,51,51,NA,"DU8","Middle Fraser River-Portage_FA_1.3","Portage"
"CK-09",2008,217,217,NA,"DU8","Middle Fraser River-Portage_FA_1.3","Portage"
"CK-09",2009,74,74,NA,"DU8","Middle Fraser River-Portage_FA_1.3","Portage"
"CK-09",2010,123,123,NA,"DU8","Middle Fraser River-Portage_FA_1.3","Portage"
"CK-09",2011,65,65,NA,"DU8","Middle Fraser River-Portage_FA_1.3","Portage"
"CK-09",2012,37,37,NA,"DU8","Middle Fraser River-Portage_FA_1.3","Portage"
"CK-09",2013,34,34,NA,"DU8","Middle Fraser River-Portage_FA_1.3","Portage"
"CK-09",2014,77,77,NA,"DU8","Middle Fraser River-Portage_FA_1.3","Portage"
"CK-09",2015,83,83,NA,"DU8","Middle Fraser River-Portage_FA_1.3","Portage"
"CK-09",2016,12,12,NA,"DU8","Middle Fraser River-Portage_FA_1.3","Portage"
"CK-09",2017,20,20,NA,"DU8","Middle Fraser River-Portage_FA_1.3","Portage"
"CK-09",2018,35,35,NA,"DU8","Middle Fraser River-Portage_FA_1.3","Portage"
"CK-09",2019,191,191,NA,"DU8","Middle Fraser River-Portage_FA_1.3","Portage"
"CK-09",2020,25,25,NA,"DU8","Middle Fraser River-Portage_FA_1.3","Portage"
"CK-09",2021,12,12,NA,"DU8","Middle Fraser River-Portage_FA_1.3","Portage"
"CK-09",2022,46,46,NA,"DU8","Middle Fraser River-Portage_FA_1.3","Portage"
"CK-10",1975,NA,NA,NA,"DU9","Middle Fraser River_SP_1.3","MFR-spring"
"CK-10",1976,NA,NA,NA,"DU9","Middle Fraser River_SP_1.3","MFR-spring"
"CK-10",1977,NA,NA,NA,"DU9","Middle Fraser River_SP_1.3","MFR-spring"
"CK-10",1978,NA,NA,NA,"DU9","Middle Fraser River_SP_1.3","MFR-spring"
"CK-10",1979,NA,NA,NA,"DU9","Middle Fraser River_SP_1.3","MFR-spring"
"CK-10",1980,NA,NA,NA,"DU9","Middle Fraser River_SP_1.3","MFR-spring"
"CK-10",1981,NA,NA,NA,"DU9","Middle Fraser River_SP_1.3","MFR-spring"
"CK-10",1982,NA,NA,NA,"DU9","Middle Fraser River_SP_1.3","MFR-spring"
"CK-10",1983,NA,NA,NA,"DU9","Middle Fraser River_SP_1.3","MFR-spring"
"CK-10",1984,NA,NA,NA,"DU9","Middle Fraser River_SP_1.3","MFR-spring"
"CK-10",1985,NA,NA,NA,"DU9","Middle Fraser River_SP_1.3","MFR-spring"
"CK-10",1986,97,97,NA,"DU9","Middle Fraser River_SP_1.3","MFR-spring"
"CK-10",1987,NA,NA,NA,"DU9","Middle Fraser River_SP_1.3","MFR-spring"
"CK-10",1988,NA,NA,NA,"DU9","Middle Fraser River_SP_1.3","MFR-spring"
"CK-10",1989,NA,NA,NA,"DU9","Middle Fraser River_SP_1.3","MFR-spring"
"CK-10",1990,NA,NA,NA,"DU9","Middle Fraser River_SP_1.3","MFR-spring"
"CK-10",1991,NA,NA,NA,"DU9","Middle Fraser River_SP_1.3","MFR-spring"
"CK-10",1992,NA,NA,NA,"DU9","Middle Fraser River_SP_1.3","MFR-spring"
"CK-10",1993,NA,NA,NA,"DU9","Middle Fraser River_SP_1.3","MFR-spring"
"CK-10",1994,NA,NA,NA,"DU9","Middle Fraser River_SP_1.3","MFR-spring"
"CK-10",1995,14429.7759122457,14429.7759122457,NA,"DU9","Middle Fraser River_SP_1.3","MFR-spring"
"CK-10",1996,14003.3115674106,14003.3115674106,NA,"DU9","Middle Fraser River_SP_1.3","MFR-spring"
"CK-10",1997,15301.082671188,15301.082671188,NA,"DU9","Middle Fraser River_SP_1.3","MFR-spring"
"CK-10",1998,8070.86263953507,8070.86263953507,NA,"DU9","Middle Fraser River_SP_1.3","MFR-spring"
"CK-10",1999,8206.79305296364,8206.79305296364,NA,"DU9","Middle Fraser River_SP_1.3","MFR-spring"
"CK-10",2000,7962.20253195043,7962.20253195043,NA,"DU9","Middle Fraser River_SP_1.3","MFR-spring"
"CK-10",2001,7014.66083417089,7014.66083417089,NA,"DU9","Middle Fraser River_SP_1.3","MFR-spring"
"CK-10",2002,9115.80535681498,9115.80535681498,NA,"DU9","Middle Fraser River_SP_1.3","MFR-spring"
"CK-10",2003,14845.669761847,14845.669761847,NA,"DU9","Middle Fraser River_SP_1.3","MFR-spring"
"CK-10",2004,7436.43567357519,7436.43567357519,NA,"DU9","Middle Fraser River_SP_1.3","MFR-spring"
"CK-10",2005,5379.34507221785,5379.34507221785,NA,"DU9","Middle Fraser River_SP_1.3","MFR-spring"
"CK-10",2006,5290.24054863198,5290.24054863198,NA,"DU9","Middle Fraser River_SP_1.3","MFR-spring"
"CK-10",2007,1804.14109647276,1804.14109647276,NA,"DU9","Middle Fraser River_SP_1.3","MFR-spring"
"CK-10",2008,4071,4071,NA,"DU9","Middle Fraser River_SP_1.3","MFR-spring"
"CK-10",2009,2976,2976,NA,"DU9","Middle Fraser River_SP_1.3","MFR-spring"
"CK-10",2010,5645.34906887121,5645.34906887121,NA,"DU9","Middle Fraser River_SP_1.3","MFR-spring"
"CK-10",2011,3262.33917139115,3262.33917139115,NA,"DU9","Middle Fraser River_SP_1.3","MFR-spring"
"CK-10",2012,2467.36080121878,2467.36080121878,NA,"DU9","Middle Fraser River_SP_1.3","MFR-spring"
"CK-10",2013,3796.70436867085,3796.70436867085,NA,"DU9","Middle Fraser River_SP_1.3","MFR-spring"
"CK-10",2014,7650.05534546234,7650.05534546234,NA,"DU9","Middle Fraser River_SP_1.3","MFR-spring"
"CK-10",2015,5373.13802393047,5373.13802393047,NA,"DU9","Middle Fraser River_SP_1.3","MFR-spring"
"CK-10",2016,2142.89973646597,2142.89973646597,NA,"DU9","Middle Fraser River_SP_1.3","MFR-spring"
"CK-10",2017,1393.52526297446,1393.52526297446,NA,"DU9","Middle Fraser River_SP_1.3","MFR-spring"
"CK-10",2018,1843.0660580281,1843.0660580281,NA,"DU9","Middle Fraser River_SP_1.3","MFR-spring"
"CK-10",2019,635.377422058015,635.377422058015,NA,"DU9","Middle Fraser River_SP_1.3","MFR-spring"
"CK-10",2020,4815.13051601847,4815.13051601847,NA,"DU9","Middle Fraser River_SP_1.3","MFR-spring"
"CK-10",2021,3689.24093790052,3689.24093790052,NA,"DU9","Middle Fraser River_SP_1.3","MFR-spring"
"CK-10",2022,6459.6710445149,6459.6710445149,NA,"DU9","Middle Fraser River_SP_1.3","MFR-spring"
"CK-11",1975,NA,NA,NA,"DU10","Middle Fraser River_SU_1.3","MFR-summer"
"CK-11",1976,NA,NA,NA,"DU10","Middle Fraser River_SU_1.3","MFR-summer"
"CK-11",1977,25,25,NA,"DU10","Middle Fraser River_SU_1.3","MFR-summer"
"CK-11",1978,25,25,NA,"DU10","Middle Fraser River_SU_1.3","MFR-summer"
"CK-11",1979,25,25,NA,"DU10","Middle Fraser River_SU_1.3","MFR-summer"
"CK-11",1980,2038,2038,NA,"DU10","Middle Fraser River_SU_1.3","MFR-summer"
"CK-11",1981,2814,2814,NA,"DU10","Middle Fraser River_SU_1.3","MFR-summer"
"CK-11",1982,1590,1590,NA,"DU10","Middle Fraser River_SU_1.3","MFR-summer"
"CK-11",1983,1114,1114,NA,"DU10","Middle Fraser River_SU_1.3","MFR-summer"
"CK-11",1984,2099,2099,NA,"DU10","Middle Fraser River_SU_1.3","MFR-summer"
"CK-11",1985,2591,2591,NA,"DU10","Middle Fraser River_SU_1.3","MFR-summer"
"CK-11",1986,2685,2685,NA,"DU10","Middle Fraser River_SU_1.3","MFR-summer"
"CK-11",1987,3220,3220,NA,"DU10","Middle Fraser River_SU_1.3","MFR-summer"
"CK-11",1988,4795,4795,NA,"DU10","Middle Fraser River_SU_1.3","MFR-summer"
"CK-11",1989,2928,2928,NA,"DU10","Middle Fraser River_SU_1.3","MFR-summer"
"CK-11",1990,2628,2628,NA,"DU10","Middle Fraser River_SU_1.3","MFR-summer"
"CK-11",1991,7355,7355,NA,"DU10","Middle Fraser River_SU_1.3","MFR-summer"
"CK-11",1992,6002,6002,NA,"DU10","Middle Fraser River_SU_1.3","MFR-summer"
"CK-11",1993,5771,5771,NA,"DU10","Middle Fraser River_SU_1.3","MFR-summer"
"CK-11",1994,2884,2884,NA,"DU10","Middle Fraser River_SU_1.3","MFR-summer"
"CK-11",1995,4968,4968,NA,"DU10","Middle Fraser River_SU_1.3","MFR-summer"
"CK-11",1996,5180,5180,NA,"DU10","Middle Fraser River_SU_1.3","MFR-summer"
"CK-11",1997,2007,2007,NA,"DU10","Middle Fraser River_SU_1.3","MFR-summer"
"CK-11",1998,7727,7727,NA,"DU10","Middle Fraser River_SU_1.3","MFR-summer"
"CK-11",1999,8396.83539199441,8396.83539199441,NA,"DU10","Middle Fraser River_SU_1.3","MFR-summer"
"CK-11",2000,12824.1578794199,12824.1578794199,NA,"DU10","Middle Fraser River_SU_1.3","MFR-summer"
"CK-11",2001,24879.897458243,24879.897458243,NA,"DU10","Middle Fraser River_SU_1.3","MFR-summer"
"CK-11",2002,24810.3336938055,24810.3336938055,NA,"DU10","Middle Fraser River_SU_1.3","MFR-summer"
"CK-11",2003,23727.422644101,23727.422644101,NA,"DU10","Middle Fraser River_SU_1.3","MFR-summer"
"CK-11",2004,17825.9317804819,17825.9317804819,NA,"DU10","Middle Fraser River_SU_1.3","MFR-summer"
"CK-11",2005,14939.1653727275,14939.1653727275,NA,"DU10","Middle Fraser River_SU_1.3","MFR-summer"
"CK-11",2006,22119.2756177899,22119.2756177899,NA,"DU10","Middle Fraser River_SU_1.3","MFR-summer"
"CK-11",2007,8407.63255628533,8407.63255628533,NA,"DU10","Middle Fraser River_SU_1.3","MFR-summer"
"CK-11",2008,14218.965896775,14218.965896775,NA,"DU10","Middle Fraser River_SU_1.3","MFR-summer"
"CK-11",2009,11196.9133996152,11196.9133996152,NA,"DU10","Middle Fraser River_SU_1.3","MFR-summer"
"CK-11",2010,16965,16965,NA,"DU10","Middle Fraser River_SU_1.3","MFR-summer"
"CK-11",2011,17093,17093,NA,"DU10","Middle Fraser River_SU_1.3","MFR-summer"
"CK-11",2012,7745,7745,NA,"DU10","Middle Fraser River_SU_1.3","MFR-summer"
"CK-11",2013,8531,8531,NA,"DU10","Middle Fraser River_SU_1.3","MFR-summer"
"CK-11",2014,20730,20730,NA,"DU10","Middle Fraser River_SU_1.3","MFR-summer"
"CK-11",2015,23737,23737,NA,"DU10","Middle Fraser River_SU_1.3","MFR-summer"
"CK-11",2016,8467,8467,NA,"DU10","Middle Fraser River_SU_1.3","MFR-summer"
"CK-11",2017,4863,4863,NA,"DU10","Middle Fraser River_SU_1.3","MFR-summer"
"CK-11",2018,4629,4629,NA,"DU10","Middle Fraser River_SU_1.3","MFR-summer"
"CK-11",2019,3284.66667071157,3284.66667071157,NA,"DU10","Middle Fraser River_SU_1.3","MFR-summer"
"CK-11",2020,8509,8509,NA,"DU10","Middle Fraser River_SU_1.3","MFR-summer"
"CK-11",2021,9795,9795,NA,"DU10","Middle Fraser River_SU_1.3","MFR-summer"
"CK-11",2022,22562.69287244,22562.69287244,NA,"DU10","Middle Fraser River_SU_1.3","MFR-summer"
"CK-12",1975,205,205,NA,"DU11","Upper Fraser River_SP_1.3","UFR-spring"
"CK-12",1976,200,200,NA,"DU11","Upper Fraser River_SP_1.3","UFR-spring"
"CK-12",1977,210,210,NA,"DU11","Upper Fraser River_SP_1.3","UFR-spring"
"CK-12",1978,400,400,NA,"DU11","Upper Fraser River_SP_1.3","UFR-spring"
"CK-12",1979,775,775,NA,"DU11","Upper Fraser River_SP_1.3","UFR-spring"
"CK-12",1980,500,500,NA,"DU11","Upper Fraser River_SP_1.3","UFR-spring"
"CK-12",1981,185,185,NA,"DU11","Upper Fraser River_SP_1.3","UFR-spring"
"CK-12",1982,320,320,NA,"DU11","Upper Fraser River_SP_1.3","UFR-spring"
"CK-12",1983,260,260,NA,"DU11","Upper Fraser River_SP_1.3","UFR-spring"
"CK-12",1984,45,45,NA,"DU11","Upper Fraser River_SP_1.3","UFR-spring"
"CK-12",1985,7790,7790,NA,"DU11","Upper Fraser River_SP_1.3","UFR-spring"
"CK-12",1986,11335,11335,NA,"DU11","Upper Fraser River_SP_1.3","UFR-spring"
"CK-12",1987,13636,13636,NA,"DU11","Upper Fraser River_SP_1.3","UFR-spring"
"CK-12",1988,6541,6541,NA,"DU11","Upper Fraser River_SP_1.3","UFR-spring"
"CK-12",1989,605,605,NA,"DU11","Upper Fraser River_SP_1.3","UFR-spring"
"CK-12",1990,1256,1256,NA,"DU11","Upper Fraser River_SP_1.3","UFR-spring"
"CK-12",1991,1007,1007,NA,"DU11","Upper Fraser River_SP_1.3","UFR-spring"
"CK-12",1992,906,906,NA,"DU11","Upper Fraser River_SP_1.3","UFR-spring"
"CK-12",1993,828,828,NA,"DU11","Upper Fraser River_SP_1.3","UFR-spring"
"CK-12",1994,14691,14691,NA,"DU11","Upper Fraser River_SP_1.3","UFR-spring"
"CK-12",1995,30027.3086188125,30027.3086188125,NA,"DU11","Upper Fraser River_SP_1.3","UFR-spring"
"CK-12",1996,21094.6154615543,21094.6154615543,NA,"DU11","Upper Fraser River_SP_1.3","UFR-spring"
"CK-12",1997,23350.4083261943,23350.4083261943,NA,"DU11","Upper Fraser River_SP_1.3","UFR-spring"
"CK-12",1998,24506.1120485917,24506.1120485917,NA,"DU11","Upper Fraser River_SP_1.3","UFR-spring"
"CK-12",1999,13744.3970867542,13744.3970867542,NA,"DU11","Upper Fraser River_SP_1.3","UFR-spring"
"CK-12",2000,16554,16554,NA,"DU11","Upper Fraser River_SP_1.3","UFR-spring"
"CK-12",2001,21171.7161919921,21171.7161919921,NA,"DU11","Upper Fraser River_SP_1.3","UFR-spring"
"CK-12",2002,31541.83200628,31541.83200628,NA,"DU11","Upper Fraser River_SP_1.3","UFR-spring"
"CK-12",2003,37833,37833,NA,"DU11","Upper Fraser River_SP_1.3","UFR-spring"
"CK-12",2004,26376,26376,NA,"DU11","Upper Fraser River_SP_1.3","UFR-spring"
"CK-12",2005,15695.9847741972,15695.9847741972,NA,"DU11","Upper Fraser River_SP_1.3","UFR-spring"
"CK-12",2006,16521,16521,NA,"DU11","Upper Fraser River_SP_1.3","UFR-spring"
"CK-12",2007,8188,8188,NA,"DU11","Upper Fraser River_SP_1.3","UFR-spring"
"CK-12",2008,11784,11784,NA,"DU11","Upper Fraser River_SP_1.3","UFR-spring"
"CK-12",2009,23730.9080644017,23730.9080644017,NA,"DU11","Upper Fraser River_SP_1.3","UFR-spring"
"CK-12",2010,10447.8738452809,10447.8738452809,NA,"DU11","Upper Fraser River_SP_1.3","UFR-spring"
"CK-12",2011,8161.3162734991,8161.3162734991,NA,"DU11","Upper Fraser River_SP_1.3","UFR-spring"
"CK-12",2012,7856.68856613264,7856.68856613264,NA,"DU11","Upper Fraser River_SP_1.3","UFR-spring"
"CK-12",2013,13224.1267714603,13224.1267714603,NA,"DU11","Upper Fraser River_SP_1.3","UFR-spring"
"CK-12",2014,22725.8993952954,22725.8993952954,NA,"DU11","Upper Fraser River_SP_1.3","UFR-spring"
"CK-12",2015,17385.5383855923,17385.5383855923,NA,"DU11","Upper Fraser River_SP_1.3","UFR-spring"
"CK-12",2016,12695.394772627,12695.394772627,NA,"DU11","Upper Fraser River_SP_1.3","UFR-spring"
"CK-12",2017,6806.81516499843,6806.81516499843,NA,"DU11","Upper Fraser River_SP_1.3","UFR-spring"
"CK-12",2018,7379.85276333643,7379.85276333643,NA,"DU11","Upper Fraser River_SP_1.3","UFR-spring"
"CK-12",2019,1980.33523811877,1980.33523811877,NA,"DU11","Upper Fraser River_SP_1.3","UFR-spring"
"CK-12",2020,13697.2336612005,13697.2336612005,NA,"DU11","Upper Fraser River_SP_1.3","UFR-spring"
"CK-12",2021,14219.7730633824,14219.7730633824,NA,"DU11","Upper Fraser River_SP_1.3","UFR-spring"
"CK-12",2022,19069.0530968206,19069.0530968206,NA,"DU11","Upper Fraser River_SP_1.3","UFR-spring"
"CK-13",1975,NA,NA,NA,"DU12","South Thompson_SU_0.3","STh-0.3"
"CK-13",1976,NA,NA,NA,"DU12","South Thompson_SU_0.3","STh-0.3"
"CK-13",1977,NA,NA,NA,"DU12","South Thompson_SU_0.3","STh-0.3"
"CK-13",1978,NA,NA,NA,"DU12","South Thompson_SU_0.3","STh-0.3"
"CK-13",1979,NA,NA,NA,"DU12","South Thompson_SU_0.3","STh-0.3"
"CK-13",1980,NA,NA,NA,"DU12","South Thompson_SU_0.3","STh-0.3"
"CK-13",1981,700,700,NA,"DU12","South Thompson_SU_0.3","STh-0.3"
"CK-13",1982,NA,NA,NA,"DU12","South Thompson_SU_0.3","STh-0.3"
"CK-13",1983,NA,NA,NA,"DU12","South Thompson_SU_0.3","STh-0.3"
"CK-13",1984,NA,NA,NA,"DU12","South Thompson_SU_0.3","STh-0.3"
"CK-13",1985,450,450,NA,"DU12","South Thompson_SU_0.3","STh-0.3"
"CK-13",1986,NA,NA,NA,"DU12","South Thompson_SU_0.3","STh-0.3"
"CK-13",1987,NA,NA,NA,"DU12","South Thompson_SU_0.3","STh-0.3"
"CK-13",1988,1600,1600,NA,"DU12","South Thompson_SU_0.3","STh-0.3"
"CK-13",1989,NA,NA,NA,"DU12","South Thompson_SU_0.3","STh-0.3"
"CK-13",1990,1397,1397,NA,"DU12","South Thompson_SU_0.3","STh-0.3"
"CK-13",1991,2488,2488,NA,"DU12","South Thompson_SU_0.3","STh-0.3"
"CK-13",1992,1245,1245,NA,"DU12","South Thompson_SU_0.3","STh-0.3"
"CK-13",1993,885,885,NA,"DU12","South Thompson_SU_0.3","STh-0.3"
"CK-13",1994,3777,3777,NA,"DU12","South Thompson_SU_0.3","STh-0.3"
"CK-13",1995,NA,NA,NA,"DU12","South Thompson_SU_0.3","STh-0.3"
"CK-13",1996,NA,NA,NA,"DU12","South Thompson_SU_0.3","STh-0.3"
"CK-13",1997,36943.7950131693,36943.7950131693,NA,"DU12","South Thompson_SU_0.3","STh-0.3"
"CK-13",1998,53502.633987289,53502.633987289,NA,"DU12","South Thompson_SU_0.3","STh-0.3"
"CK-13",1999,27882,27882,NA,"DU12","South Thompson_SU_0.3","STh-0.3"
"CK-13",2000,25074,25074,NA,"DU12","South Thompson_SU_0.3","STh-0.3"
"CK-13",2001,59419,59419,NA,"DU12","South Thompson_SU_0.3","STh-0.3"
"CK-13",2002,77579,77579,NA,"DU12","South Thompson_SU_0.3","STh-0.3"
"CK-13",2003,49456.5724683274,49456.5724683274,NA,"DU12","South Thompson_SU_0.3","STh-0.3"
"CK-13",2004,47686,47686,NA,"DU12","South Thompson_SU_0.3","STh-0.3"
"CK-13",2005,85633.9985244793,85633.9985244793,NA,"DU12","South Thompson_SU_0.3","STh-0.3"
"CK-13",2006,138967,138967,NA,"DU12","South Thompson_SU_0.3","STh-0.3"
"CK-13",2007,78038,78038,NA,"DU12","South Thompson_SU_0.3","STh-0.3"
"CK-13",2008,106279,106279,NA,"DU12","South Thompson_SU_0.3","STh-0.3"
"CK-13",2009,67265.1999807221,67265.1999807221,NA,"DU12","South Thompson_SU_0.3","STh-0.3"
"CK-13",2010,110694,110694,NA,"DU12","South Thompson_SU_0.3","STh-0.3"
"CK-13",2011,119027,119027,NA,"DU12","South Thompson_SU_0.3","STh-0.3"
"CK-13",2012,48157,48157,NA,"DU12","South Thompson_SU_0.3","STh-0.3"
"CK-13",2013,100229.375028752,100229.375028752,NA,"DU12","South Thompson_SU_0.3","STh-0.3"
"CK-13",2014,42273,42273,NA,"DU12","South Thompson_SU_0.3","STh-0.3"
"CK-13",2015,147925,147925,NA,"DU12","South Thompson_SU_0.3","STh-0.3"
"CK-13",2016,98751.623228225,98751.623228225,NA,"DU12","South Thompson_SU_0.3","STh-0.3"
"CK-13",2017,80396.5712128449,80396.5712128449,NA,"DU12","South Thompson_SU_0.3","STh-0.3"
"CK-13",2018,37005,37005,NA,"DU12","South Thompson_SU_0.3","STh-0.3"
"CK-13",2019,157199.570799137,157199.570799137,NA,"DU12","South Thompson_SU_0.3","STh-0.3"
"CK-13",2020,137346.147190665,137346.147190665,NA,"DU12","South Thompson_SU_0.3","STh-0.3"
"CK-13",2021,165219.524563082,165219.524563082,NA,"DU12","South Thompson_SU_0.3","STh-0.3"
"CK-13",2022,129986.080357022,129986.080357022,NA,"DU12","South Thompson_SU_0.3","STh-0.3"
"CK-14",1975,300,300,NA,"DU13","South Thompson_SU_1.3","STh-1.3"
"CK-14",1976,250,250,NA,"DU13","South Thompson_SU_1.3","STh-1.3"
"CK-14",1977,756,756,NA,"DU13","South Thompson_SU_1.3","STh-1.3"
"CK-14",1978,400,400,NA,"DU13","South Thompson_SU_1.3","STh-1.3"
"CK-14",1979,300,300,NA,"DU13","South Thompson_SU_1.3","STh-1.3"
"CK-14",1980,250,250,NA,"DU13","South Thompson_SU_1.3","STh-1.3"
"CK-14",1981,250,250,NA,"DU13","South Thompson_SU_1.3","STh-1.3"
"CK-14",1982,400,400,NA,"DU13","South Thompson_SU_1.3","STh-1.3"
"CK-14",1983,250,250,NA,"DU13","South Thompson_SU_1.3","STh-1.3"
"CK-14",1984,775,775,NA,"DU13","South Thompson_SU_1.3","STh-1.3"
"CK-14",1985,1250,1250,NA,"DU13","South Thompson_SU_1.3","STh-1.3"
"CK-14",1986,1295,1295,NA,"DU13","South Thompson_SU_1.3","STh-1.3"
"CK-14",1987,1175,1175,NA,"DU13","South Thompson_SU_1.3","STh-1.3"
"CK-14",1988,1259,1259,NA,"DU13","South Thompson_SU_1.3","STh-1.3"
"CK-14",1989,1104,1104,NA,"DU13","South Thompson_SU_1.3","STh-1.3"
"CK-14",1990,1477,1477,NA,"DU13","South Thompson_SU_1.3","STh-1.3"
"CK-14",1991,907,907,NA,"DU13","South Thompson_SU_1.3","STh-1.3"
"CK-14",1992,1468,1468,NA,"DU13","South Thompson_SU_1.3","STh-1.3"
"CK-14",1993,1192,1192,NA,"DU13","South Thompson_SU_1.3","STh-1.3"
"CK-14",1994,1200,1200,NA,"DU13","South Thompson_SU_1.3","STh-1.3"
"CK-14",1995,700,700,NA,"DU13","South Thompson_SU_1.3","STh-1.3"
"CK-14",1996,780,780,NA,"DU13","South Thompson_SU_1.3","STh-1.3"
"CK-14",1997,915,915,NA,"DU13","South Thompson_SU_1.3","STh-1.3"
"CK-14",1998,284,NA,284,"DU13","South Thompson_SU_1.3","STh-1.3"
"CK-14",1999,1008.09762782943,658.097627829426,350,"DU13","South Thompson_SU_1.3","STh-1.3"
"CK-14",2000,1490.41127728375,1135.41127728375,355,"DU13","South Thompson_SU_1.3","STh-1.3"
"CK-14",2001,4238.46461667004,2876.46461667004,1362,"DU13","South Thompson_SU_1.3","STh-1.3"
"CK-14",2002,2558.53935933711,1555.53935933711,1003,"DU13","South Thompson_SU_1.3","STh-1.3"
"CK-14",2003,1818,1729,89,"DU13","South Thompson_SU_1.3","STh-1.3"
"CK-14",2004,1306.17988328618,911.179883286176,395,"DU13","South Thompson_SU_1.3","STh-1.3"
"CK-14",2005,758.660740450687,451.660740450687,307,"DU13","South Thompson_SU_1.3","STh-1.3"
"CK-14",2006,1112.63341880558,558.633418805578,554,"DU13","South Thompson_SU_1.3","STh-1.3"
"CK-14",2007,524.748970543654,351.748970543654,173,"DU13","South Thompson_SU_1.3","STh-1.3"
"CK-14",2008,1213,678,535,"DU13","South Thompson_SU_1.3","STh-1.3"
"CK-14",2009,834,588,246,"DU13","South Thompson_SU_1.3","STh-1.3"
"CK-14",2010,2318,1773,545,"DU13","South Thompson_SU_1.3","STh-1.3"
"CK-14",2011,561,449,112,"DU13","South Thompson_SU_1.3","STh-1.3"
"CK-14",2012,726,443,283,"DU13","South Thompson_SU_1.3","STh-1.3"
"CK-14",2013,1618,916,702,"DU13","South Thompson_SU_1.3","STh-1.3"
"CK-14",2014,1661,851,810,"DU13","South Thompson_SU_1.3","STh-1.3"
"CK-14",2015,1047,908,139,"DU13","South Thompson_SU_1.3","STh-1.3"
"CK-14",2016,408.158922593233,277,131.158922593233,"DU13","South Thompson_SU_1.3","STh-1.3"
"CK-14",2017,1105,935,170,"DU13","South Thompson_SU_1.3","STh-1.3"
"CK-14",2018,880,750,130,"DU13","South Thompson_SU_1.3","STh-1.3"
"CK-14",2019,1179,807,372,"DU13","South Thompson_SU_1.3","STh-1.3"
"CK-14",2020,1069,723,346,"DU13","South Thompson_SU_1.3","STh-1.3"
"CK-14",2021,3075,2669,406,"DU13","South Thompson_SU_1.3","STh-1.3"
"CK-14",2022,1205,715,490,"DU13","South Thompson_SU_1.3","STh-1.3"
"CK-15",1975,31570,31570,NA,"DU12","Shuswap River_SU_0.3","STh-SHUR"
"CK-15",1976,3347,3347,NA,"DU12","Shuswap River_SU_0.3","STh-SHUR"
"CK-15",1977,15503,15503,NA,"DU12","Shuswap River_SU_0.3","STh-SHUR"
"CK-15",1978,17220,17220,NA,"DU12","Shuswap River_SU_0.3","STh-SHUR"
"CK-15",1979,16453,16453,NA,"DU12","Shuswap River_SU_0.3","STh-SHUR"
"CK-15",1980,5723,5723,NA,"DU12","Shuswap River_SU_0.3","STh-SHUR"
"CK-15",1981,8248,8248,NA,"DU12","Shuswap River_SU_0.3","STh-SHUR"
"CK-15",1982,2894,2894,NA,"DU12","Shuswap River_SU_0.3","STh-SHUR"
"CK-15",1983,5862.85158078684,5396,466.851580786836,"DU12","Shuswap River_SU_0.3","STh-SHUR"
"CK-15",1984,8236.89359413362,7581,655.893594133619,"DU12","Shuswap River_SU_0.3","STh-SHUR"
"CK-15",1985,11450.814086344,10539,911.814086344046,"DU12","Shuswap River_SU_0.3","STh-SHUR"
"CK-15",1986,19991.9327439729,18400,1591.9327439729,"DU12","Shuswap River_SU_0.3","STh-SHUR"
"CK-15",1987,16469.4411159316,15158,1311.44111593159,"DU12","Shuswap River_SU_0.3","STh-SHUR"
"CK-15",1988,23574.1828666294,21697,1877.18286662935,"DU12","Shuswap River_SU_0.3","STh-SHUR"
"CK-15",1989,18223.0813033649,16772,1451.08130336487,"DU12","Shuswap River_SU_0.3","STh-SHUR"
"CK-15",1990,21775.9954377557,20042,1733.9954377557,"DU12","Shuswap River_SU_0.3","STh-SHUR"
"CK-15",1991,16469.4411159316,15158,1311.44111593159,"DU12","Shuswap River_SU_0.3","STh-SHUR"
"CK-15",1992,22313.8218892919,20537,1776.82188929193,"DU12","Shuswap River_SU_0.3","STh-SHUR"
"CK-15",1993,9626.55022345652,8860,766.550223456518,"DU12","Shuswap River_SU_0.3","STh-SHUR"
"CK-15",1994,27484.5614506271,25296,2188.5614506271,"DU12","Shuswap River_SU_0.3","STh-SHUR"
"CK-15",1995,16469.4411159316,15158,1311.44111593159,"DU12","Shuswap River_SU_0.3","STh-SHUR"
"CK-15",1996,32754.1741575982,30146,2608.17415759822,"DU12","Shuswap River_SU_0.3","STh-SHUR"
"CK-15",1997,21955.2709216011,20207,1748.27092160111,"DU12","Shuswap River_SU_0.3","STh-SHUR"
"CK-15",1998,28501.5423771683,26232,2269.54237716833,"DU12","Shuswap River_SU_0.3","STh-SHUR"
"CK-15",1999,43558.5099840149,40090,3468.50998401488,"DU12","Shuswap River_SU_0.3","STh-SHUR"
"CK-15",2000,30493.1300249782,28065,2428.13002497824,"DU12","Shuswap River_SU_0.3","STh-SHUR"
"CK-15",2001,39340.6467822702,36208,3132.64678227016,"DU12","Shuswap River_SU_0.3","STh-SHUR"
"CK-15",2002,59420.5874910399,54689,4731.5874910399,"DU12","Shuswap River_SU_0.3","STh-SHUR"
"CK-15",2003,35769.2618404528,32921,2848.26184045283,"DU12","Shuswap River_SU_0.3","STh-SHUR"
"CK-15",2004,18780.4650804115,17285,1495.4650804115,"DU12","Shuswap River_SU_0.3","STh-SHUR"
"CK-15",2005,19815.9168143792,18238,1577.91681437923,"DU12","Shuswap River_SU_0.3","STh-SHUR"
"CK-15",2006,64679,59444,5235,"DU12","Shuswap River_SU_0.3","STh-SHUR"
"CK-15",2007,17505,16275,1230,"DU12","Shuswap River_SU_0.3","STh-SHUR"
"CK-15",2008,17055,15278,1777,"DU12","Shuswap River_SU_0.3","STh-SHUR"
"CK-15",2009,27236,25437,1799,"DU12","Shuswap River_SU_0.3","STh-SHUR"
"CK-15",2010,76736,71618,5118,"DU12","Shuswap River_SU_0.3","STh-SHUR"
"CK-15",2011,20322,19208,1114,"DU12","Shuswap River_SU_0.3","STh-SHUR"
"CK-15",2012,4553,4195,358,"DU12","Shuswap River_SU_0.3","STh-SHUR"
"CK-15",2013,31454,29061,2393,"DU12","Shuswap River_SU_0.3","STh-SHUR"
"CK-15",2014,46514,44240,2274,"DU12","Shuswap River_SU_0.3","STh-SHUR"
"CK-15",2015,42852.2732294724,39440,3412.27322947236,"DU12","Shuswap River_SU_0.3","STh-SHUR"
"CK-15",2016,6995.00342422269,6438,557.003424222693,"DU12","Shuswap River_SU_0.3","STh-SHUR"
"CK-15",2017,14217,13430,787,"DU12","Shuswap River_SU_0.3","STh-SHUR"
"CK-15",2018,19220,17120,2100,"DU12","Shuswap River_SU_0.3","STh-SHUR"
"CK-15",2019,31705,29649,2056,"DU12","Shuswap River_SU_0.3","STh-SHUR"
"CK-15",2020,27582,25528,2054,"DU12","Shuswap River_SU_0.3","STh-SHUR"
"CK-15",2021,31427,29507,1920,"DU12","Shuswap River_SU_0.3","STh-SHUR"
"CK-15",2022,35639,33914,1725,"DU12","Shuswap River_SU_0.3","STh-SHUR"
"CK-16",1975,NA,NA,NA,"DU14","South Thompson-Bessette Creek_SU_1.2","STh-BESS"
"CK-16",1976,NA,NA,NA,"DU14","South Thompson-Bessette Creek_SU_1.2","STh-BESS"
"CK-16",1977,NA,NA,NA,"DU14","South Thompson-Bessette Creek_SU_1.2","STh-BESS"
"CK-16",1978,NA,NA,NA,"DU14","South Thompson-Bessette Creek_SU_1.2","STh-BESS"
"CK-16",1979,NA,NA,NA,"DU14","South Thompson-Bessette Creek_SU_1.2","STh-BESS"
"CK-16",1980,NA,NA,NA,"DU14","South Thompson-Bessette Creek_SU_1.2","STh-BESS"
"CK-16",1981,NA,NA,NA,"DU14","South Thompson-Bessette Creek_SU_1.2","STh-BESS"
"CK-16",1982,NA,NA,NA,"DU14","South Thompson-Bessette Creek_SU_1.2","STh-BESS"
"CK-16",1983,NA,NA,NA,"DU14","South Thompson-Bessette Creek_SU_1.2","STh-BESS"
"CK-16",1984,NA,NA,NA,"DU14","South Thompson-Bessette Creek_SU_1.2","STh-BESS"
"CK-16",1985,NA,NA,NA,"DU14","South Thompson-Bessette Creek_SU_1.2","STh-BESS"
"CK-16",1986,NA,NA,NA,"DU14","South Thompson-Bessette Creek_SU_1.2","STh-BESS"
"CK-16",1987,NA,NA,NA,"DU14","South Thompson-Bessette Creek_SU_1.2","STh-BESS"
"CK-16",1988,NA,NA,NA,"DU14","South Thompson-Bessette Creek_SU_1.2","STh-BESS"
"CK-16",1989,NA,NA,NA,"DU14","South Thompson-Bessette Creek_SU_1.2","STh-BESS"
"CK-16",1990,NA,NA,NA,"DU14","South Thompson-Bessette Creek_SU_1.2","STh-BESS"
"CK-16",1991,NA,NA,NA,"DU14","South Thompson-Bessette Creek_SU_1.2","STh-BESS"
"CK-16",1992,NA,NA,NA,"DU14","South Thompson-Bessette Creek_SU_1.2","STh-BESS"
"CK-16",1993,NA,NA,NA,"DU14","South Thompson-Bessette Creek_SU_1.2","STh-BESS"
"CK-16",1994,NA,NA,NA,"DU14","South Thompson-Bessette Creek_SU_1.2","STh-BESS"
"CK-16",1995,330,330,NA,"DU14","South Thompson-Bessette Creek_SU_1.2","STh-BESS"
"CK-16",1996,535,535,NA,"DU14","South Thompson-Bessette Creek_SU_1.2","STh-BESS"
"CK-16",1997,5,5,NA,"DU14","South Thompson-Bessette Creek_SU_1.2","STh-BESS"
"CK-16",1998,167,167,NA,"DU14","South Thompson-Bessette Creek_SU_1.2","STh-BESS"
"CK-16",1999,388.6922833048,388.6922833048,NA,"DU14","South Thompson-Bessette Creek_SU_1.2","STh-BESS"
"CK-16",2000,391,391,NA,"DU14","South Thompson-Bessette Creek_SU_1.2","STh-BESS"
"CK-16",2001,386,386,NA,"DU14","South Thompson-Bessette Creek_SU_1.2","STh-BESS"
"CK-16",2002,239,239,NA,"DU14","South Thompson-Bessette Creek_SU_1.2","STh-BESS"
"CK-16",2003,202,202,NA,"DU14","South Thompson-Bessette Creek_SU_1.2","STh-BESS"
"CK-16",2004,157,157,NA,"DU14","South Thompson-Bessette Creek_SU_1.2","STh-BESS"
"CK-16",2005,161,161,NA,"DU14","South Thompson-Bessette Creek_SU_1.2","STh-BESS"
"CK-16",2006,254,254,NA,"DU14","South Thompson-Bessette Creek_SU_1.2","STh-BESS"
"CK-16",2007,5,5,NA,"DU14","South Thompson-Bessette Creek_SU_1.2","STh-BESS"
"CK-16",2008,77,77,NA,"DU14","South Thompson-Bessette Creek_SU_1.2","STh-BESS"
"CK-16",2009,28,28,NA,"DU14","South Thompson-Bessette Creek_SU_1.2","STh-BESS"
"CK-16",2010,184,184,NA,"DU14","South Thompson-Bessette Creek_SU_1.2","STh-BESS"
"CK-16",2011,8,8,NA,"DU14","South Thompson-Bessette Creek_SU_1.2","STh-BESS"
"CK-16",2012,19,19,NA,"DU14","South Thompson-Bessette Creek_SU_1.2","STh-BESS"
"CK-16",2013,187,187,NA,"DU14","South Thompson-Bessette Creek_SU_1.2","STh-BESS"
"CK-16",2014,85,85,NA,"DU14","South Thompson-Bessette Creek_SU_1.2","STh-BESS"
"CK-16",2015,144,144,NA,"DU14","South Thompson-Bessette Creek_SU_1.2","STh-BESS"
"CK-16",2016,7.92910191599575,7.92910191599575,NA,"DU14","South Thompson-Bessette Creek_SU_1.2","STh-BESS"
"CK-16",2017,14,14,NA,"DU14","South Thompson-Bessette Creek_SU_1.2","STh-BESS"
"CK-16",2018,3.92859057082191,3.92859057082191,NA,"DU14","South Thompson-Bessette Creek_SU_1.2","STh-BESS"
"CK-16",2019,0,0,NA,"DU14","South Thompson-Bessette Creek_SU_1.2","STh-BESS"
"CK-16",2021,0,0,NA,"DU14","South Thompson-Bessette Creek_SU_1.2","STh-BESS"
"CK-16",2022,23,23,NA,"DU14","South Thompson-Bessette Creek_SU_1.2","STh-BESS"
"CK-17",1975,5606,NA,5606,"DU15","Lower Thompson_SP_1.2","LTh"
"CK-17",1976,4445,NA,4445,"DU15","Lower Thompson_SP_1.2","LTh"
"CK-17",1977,3498,NA,3498,"DU15","Lower Thompson_SP_1.2","LTh"
"CK-17",1978,3974,NA,3974,"DU15","Lower Thompson_SP_1.2","LTh"
"CK-17",1979,3017,NA,3017,"DU15","Lower Thompson_SP_1.2","LTh"
"CK-17",1980,6180,NA,6180,"DU15","Lower Thompson_SP_1.2","LTh"
"CK-17",1981,3258,NA,3258,"DU15","Lower Thompson_SP_1.2","LTh"
"CK-17",1982,4737,NA,4737,"DU15","Lower Thompson_SP_1.2","LTh"
"CK-17",1983,2439,32,2407,"DU15","Lower Thompson_SP_1.2","LTh"
"CK-17",1984,5497,818,4679,"DU15","Lower Thompson_SP_1.2","LTh"
"CK-17",1985,8589,NA,8589,"DU15","Lower Thompson_SP_1.2","LTh"
"CK-17",1986,13303,1379,11924,"DU15","Lower Thompson_SP_1.2","LTh"
"CK-17",1987,6593,520,6073,"DU15","Lower Thompson_SP_1.2","LTh"
"CK-17",1988,6352,863,5489,"DU15","Lower Thompson_SP_1.2","LTh"
"CK-17",1989,8539,1062,7477,"DU15","Lower Thompson_SP_1.2","LTh"
"CK-17",1990,5004,584,4420,"DU15","Lower Thompson_SP_1.2","LTh"
"CK-17",1991,7168,2292,4876,"DU15","Lower Thompson_SP_1.2","LTh"
"CK-17",1992,9704,1936,7768,"DU15","Lower Thompson_SP_1.2","LTh"
"CK-17",1993,9375,NA,9375,"DU15","Lower Thompson_SP_1.2","LTh"
"CK-17",1994,16387,4503,11884,"DU15","Lower Thompson_SP_1.2","LTh"
"CK-17",1995,18397,5117,13280,"DU15","Lower Thompson_SP_1.2","LTh"
"CK-17",1996,27758,5019,22739,"DU15","Lower Thompson_SP_1.2","LTh"
"CK-17",1997,22293,10564,11729,"DU15","Lower Thompson_SP_1.2","LTh"
"CK-17",1998,5401,2241,3160,"DU15","Lower Thompson_SP_1.2","LTh"
"CK-17",1999,11269,2137,9132,"DU15","Lower Thompson_SP_1.2","LTh"
"CK-17",2000,16311,5869,10442,"DU15","Lower Thompson_SP_1.2","LTh"
"CK-17",2001,17948,6499,11449,"DU15","Lower Thompson_SP_1.2","LTh"
"CK-17",2002,26202,8697,17505,"DU15","Lower Thompson_SP_1.2","LTh"
"CK-17",2003,26619,7818,18801,"DU15","Lower Thompson_SP_1.2","LTh"
"CK-17",2004,22545,8095,14450,"DU15","Lower Thompson_SP_1.2","LTh"
"CK-17",2005,7915,3579,4336,"DU15","Lower Thompson_SP_1.2","LTh"
"CK-17",2006,11961,4310,7651,"DU15","Lower Thompson_SP_1.2","LTh"
"CK-17",2007,2724,1064,1660,"DU15","Lower Thompson_SP_1.2","LTh"
"CK-17",2008,11830,5269,6561,"DU15","Lower Thompson_SP_1.2","LTh"
"CK-17",2009,2430,1226,1204,"DU15","Lower Thompson_SP_1.2","LTh"
"CK-17",2010,9741,2616,7125,"DU15","Lower Thompson_SP_1.2","LTh"
"CK-17",2011,5218,1639,3579,"DU15","Lower Thompson_SP_1.2","LTh"
"CK-17",2012,11569,3206,8363,"DU15","Lower Thompson_SP_1.2","LTh"
"CK-17",2013,7148,2635,4513,"DU15","Lower Thompson_SP_1.2","LTh"
"CK-17",2014,24859,12940,11919,"DU15","Lower Thompson_SP_1.2","LTh"
"CK-17",2015,11274,5555,5719,"DU15","Lower Thompson_SP_1.2","LTh"
"CK-17",2016,8932.78515922921,5404,3528.78515922921,"DU15","Lower Thompson_SP_1.2","LTh"
"CK-17",2017,5126.54850028163,2928,2198.54850028163,"DU15","Lower Thompson_SP_1.2","LTh"
"CK-17",2018,3160.03748739953,1110.03748739953,2050,"DU15","Lower Thompson_SP_1.2","LTh"
"CK-17",2019,5848,1049,4799,"DU15","Lower Thompson_SP_1.2","LTh"
"CK-17",2020,8463,3554,4909,"DU15","Lower Thompson_SP_1.2","LTh"
"CK-17",2021,6315,1441,4874,"DU15","Lower Thompson_SP_1.2","LTh"
"CK-17",2022,10198.7305445745,441,9757.73054457454,"DU15","Lower Thompson_SP_1.2","LTh"
"CK-18",1975,NA,NA,NA,"DU16","North Thompson_SP_1.3","NTh-spr"
"CK-18",1976,NA,NA,NA,"DU16","North Thompson_SP_1.3","NTh-spr"
"CK-18",1977,NA,NA,NA,"DU16","North Thompson_SP_1.3","NTh-spr"
"CK-18",1978,NA,NA,NA,"DU16","North Thompson_SP_1.3","NTh-spr"
"CK-18",1979,NA,NA,NA,"DU16","North Thompson_SP_1.3","NTh-spr"
"CK-18",1980,NA,NA,NA,"DU16","North Thompson_SP_1.3","NTh-spr"
"CK-18",1981,NA,NA,NA,"DU16","North Thompson_SP_1.3","NTh-spr"
"CK-18",1982,NA,NA,NA,"DU16","North Thompson_SP_1.3","NTh-spr"
"CK-18",1983,NA,NA,NA,"DU16","North Thompson_SP_1.3","NTh-spr"
"CK-18",1984,NA,NA,NA,"DU16","North Thompson_SP_1.3","NTh-spr"
"CK-18",1985,NA,NA,NA,"DU16","North Thompson_SP_1.3","NTh-spr"
"CK-18",1986,1499,1499,NA,"DU16","North Thompson_SP_1.3","NTh-spr"
"CK-18",1987,1542,1542,NA,"DU16","North Thompson_SP_1.3","NTh-spr"
"CK-18",1988,1857,1857,NA,"DU16","North Thompson_SP_1.3","NTh-spr"
"CK-18",1989,1141,1141,NA,"DU16","North Thompson_SP_1.3","NTh-spr"
"CK-18",1990,NA,NA,NA,"DU16","North Thompson_SP_1.3","NTh-spr"
"CK-18",1991,NA,NA,NA,"DU16","North Thompson_SP_1.3","NTh-spr"
"CK-18",1992,NA,NA,NA,"DU16","North Thompson_SP_1.3","NTh-spr"
"CK-18",1993,NA,NA,NA,"DU16","North Thompson_SP_1.3","NTh-spr"
"CK-18",1994,1841,1841,NA,"DU16","North Thompson_SP_1.3","NTh-spr"
"CK-18",1995,NA,NA,NA,"DU16","North Thompson_SP_1.3","NTh-spr"
"CK-18",1996,NA,NA,NA,"DU16","North Thompson_SP_1.3","NTh-spr"
"CK-18",1997,725,725,NA,"DU16","North Thompson_SP_1.3","NTh-spr"
"CK-18",1998,742,742,NA,"DU16","North Thompson_SP_1.3","NTh-spr"
"CK-18",1999,535,535,NA,"DU16","North Thompson_SP_1.3","NTh-spr"
"CK-18",2000,1746,1746,NA,"DU16","North Thompson_SP_1.3","NTh-spr"
"CK-18",2001,1209,1209,NA,"DU16","North Thompson_SP_1.3","NTh-spr"
"CK-18",2002,1130,1130,NA,"DU16","North Thompson_SP_1.3","NTh-spr"
"CK-18",2003,374,374,NA,"DU16","North Thompson_SP_1.3","NTh-spr"
"CK-18",2004,690,690,NA,"DU16","North Thompson_SP_1.3","NTh-spr"
"CK-18",2005,322.748367136473,322.748367136473,NA,"DU16","North Thompson_SP_1.3","NTh-spr"
"CK-18",2006,274,274,NA,"DU16","North Thompson_SP_1.3","NTh-spr"
"CK-18",2007,250,250,NA,"DU16","North Thompson_SP_1.3","NTh-spr"
"CK-18",2008,238,238,NA,"DU16","North Thompson_SP_1.3","NTh-spr"
"CK-18",2009,154,154,NA,"DU16","North Thompson_SP_1.3","NTh-spr"
"CK-18",2010,224,224,NA,"DU16","North Thompson_SP_1.3","NTh-spr"
"CK-18",2011,319,319,NA,"DU16","North Thompson_SP_1.3","NTh-spr"
"CK-18",2012,196,196,NA,"DU16","North Thompson_SP_1.3","NTh-spr"
"CK-18",2013,159,159,NA,"DU16","North Thompson_SP_1.3","NTh-spr"
"CK-18",2014,142,142,NA,"DU16","North Thompson_SP_1.3","NTh-spr"
"CK-18",2015,101.185974561705,101.185974561705,NA,"DU16","North Thompson_SP_1.3","NTh-spr"
"CK-18",2016,206,206,NA,"DU16","North Thompson_SP_1.3","NTh-spr"
"CK-18",2017,92,92,NA,"DU16","North Thompson_SP_1.3","NTh-spr"
"CK-18",2018,61,61,NA,"DU16","North Thompson_SP_1.3","NTh-spr"
"CK-18",2019,424,424,NA,"DU16","North Thompson_SP_1.3","NTh-spr"
"CK-18",2020,473,473,NA,"DU16","North Thompson_SP_1.3","NTh-spr"
"CK-18",2021,281,281,NA,"DU16","North Thompson_SP_1.3","NTh-spr"
"CK-18",2022,369,369,NA,"DU16","North Thompson_SP_1.3","NTh-spr"
"CK-19",1975,NA,NA,NA,"DU17","North Thompson_SU_1.3","NTh-sum"
"CK-19",1976,NA,NA,NA,"DU17","North Thompson_SU_1.3","NTh-sum"
"CK-19",1977,NA,NA,NA,"DU17","North Thompson_SU_1.3","NTh-sum"
"CK-19",1978,NA,NA,NA,"DU17","North Thompson_SU_1.3","NTh-sum"
"CK-19",1979,NA,NA,NA,"DU17","North Thompson_SU_1.3","NTh-sum"
"CK-19",1980,NA,NA,NA,"DU17","North Thompson_SU_1.3","NTh-sum"
"CK-19",1981,NA,NA,NA,"DU17","North Thompson_SU_1.3","NTh-sum"
"CK-19",1982,NA,NA,NA,"DU17","North Thompson_SU_1.3","NTh-sum"
"CK-19",1983,NA,NA,NA,"DU17","North Thompson_SU_1.3","NTh-sum"
"CK-19",1984,NA,NA,NA,"DU17","North Thompson_SU_1.3","NTh-sum"
"CK-19",1985,NA,NA,NA,"DU17","North Thompson_SU_1.3","NTh-sum"
"CK-19",1986,NA,NA,NA,"DU17","North Thompson_SU_1.3","NTh-sum"
"CK-19",1987,NA,NA,NA,"DU17","North Thompson_SU_1.3","NTh-sum"
"CK-19",1988,NA,NA,NA,"DU17","North Thompson_SU_1.3","NTh-sum"
"CK-19",1989,3303,3303,NA,"DU17","North Thompson_SU_1.3","NTh-sum"
"CK-19",1990,NA,NA,NA,"DU17","North Thompson_SU_1.3","NTh-sum"
"CK-19",1991,446,446,NA,"DU17","North Thompson_SU_1.3","NTh-sum"
"CK-19",1992,NA,NA,NA,"DU17","North Thompson_SU_1.3","NTh-sum"
"CK-19",1993,NA,NA,NA,"DU17","North Thompson_SU_1.3","NTh-sum"
"CK-19",1994,1028,1028,NA,"DU17","North Thompson_SU_1.3","NTh-sum"
"CK-19",1995,5100,5100,NA,"DU17","North Thompson_SU_1.3","NTh-sum"
"CK-19",1996,8217,8217,NA,"DU17","North Thompson_SU_1.3","NTh-sum"
"CK-19",1997,9822.00339070633,9822.00339070633,NA,"DU17","North Thompson_SU_1.3","NTh-sum"
"CK-19",1998,8069.4291805406,8069.4291805406,NA,"DU17","North Thompson_SU_1.3","NTh-sum"
"CK-19",1999,5044.22112042417,5044.22112042417,NA,"DU17","North Thompson_SU_1.3","NTh-sum"
"CK-19",2000,5936,5936,NA,"DU17","North Thompson_SU_1.3","NTh-sum"
"CK-19",2001,5939,5939,NA,"DU17","North Thompson_SU_1.3","NTh-sum"
"CK-19",2002,6819,6819,NA,"DU17","North Thompson_SU_1.3","NTh-sum"
"CK-19",2003,7605,7605,NA,"DU17","North Thompson_SU_1.3","NTh-sum"
"CK-19",2004,6173,6173,NA,"DU17","North Thompson_SU_1.3","NTh-sum"
"CK-19",2005,3985,3985,NA,"DU17","North Thompson_SU_1.3","NTh-sum"
"CK-19",2006,4639,4639,NA,"DU17","North Thompson_SU_1.3","NTh-sum"
"CK-19",2007,2112,2112,NA,"DU17","North Thompson_SU_1.3","NTh-sum"
"CK-19",2008,3911,3911,NA,"DU17","North Thompson_SU_1.3","NTh-sum"
"CK-19",2009,6442,6442,NA,"DU17","North Thompson_SU_1.3","NTh-sum"
"CK-19",2010,1402,1402,NA,"DU17","North Thompson_SU_1.3","NTh-sum"
"CK-19",2011,1412,1412,NA,"DU17","North Thompson_SU_1.3","NTh-sum"
"CK-19",2012,2414,2414,NA,"DU17","North Thompson_SU_1.3","NTh-sum"
"CK-19",2013,2479,2479,NA,"DU17","North Thompson_SU_1.3","NTh-sum"
"CK-19",2014,3220,3220,NA,"DU17","North Thompson_SU_1.3","NTh-sum"
"CK-19",2015,5587,5587,NA,"DU17","North Thompson_SU_1.3","NTh-sum"
"CK-19",2016,804,804,NA,"DU17","North Thompson_SU_1.3","NTh-sum"
"CK-19",2017,1453,1453,NA,"DU17","North Thompson_SU_1.3","NTh-sum"
"CK-19",2018,674,674,NA,"DU17","North Thompson_SU_1.3","NTh-sum"
"CK-19",2019,1015,1015,NA,"DU17","North Thompson_SU_1.3","NTh-sum"
"CK-19",2020,4002,4002,NA,"DU17","North Thompson_SU_1.3","NTh-sum"
"CK-19",2021,3961,3961,NA,"DU17","North Thompson_SU_1.3","NTh-sum"
"CK-19",2022,6076,6076,NA,"DU17","North Thompson_SU_1.3","NTh-sum"
"CK-20",1997,NA,NA,NA,"DU18","Southern Mainland-Georgia Strait_FA_0.x","SMn-GStr"
"CK-21",1995,30,NA,30,"DU21","East Vancouver Island-Goldstream_FA_0.x","Goldstr"
"CK-21",1996,8,NA,8,"DU21","East Vancouver Island-Goldstream_FA_0.x","Goldstr"
"CK-21",1997,3,NA,3,"DU21","East Vancouver Island-Goldstream_FA_0.x","Goldstr"
"CK-21",1999,9,NA,9,"DU21","East Vancouver Island-Goldstream_FA_0.x","Goldstr"
"CK-21",2000,75,NA,75,"DU21","East Vancouver Island-Goldstream_FA_0.x","Goldstr"
"CK-21",2001,500,NA,500,"DU21","East Vancouver Island-Goldstream_FA_0.x","Goldstr"
"CK-21",2002,350,NA,350,"DU21","East Vancouver Island-Goldstream_FA_0.x","Goldstr"
"CK-21",2003,245,NA,245,"DU21","East Vancouver Island-Goldstream_FA_0.x","Goldstr"
"CK-21",2004,116,NA,116,"DU21","East Vancouver Island-Goldstream_FA_0.x","Goldstr"
"CK-21",2005,260,NA,260,"DU21","East Vancouver Island-Goldstream_FA_0.x","Goldstr"
"CK-21",2006,30,NA,30,"DU21","East Vancouver Island-Goldstream_FA_0.x","Goldstr"
"CK-21",2007,3,NA,3,"DU21","East Vancouver Island-Goldstream_FA_0.x","Goldstr"
"CK-21",2008,281,NA,281,"DU21","East Vancouver Island-Goldstream_FA_0.x","Goldstr"
"CK-21",2009,NA,NA,NA,"DU21","East Vancouver Island-Goldstream_FA_0.x","Goldstr"
"CK-21",2010,23,NA,23,"DU21","East Vancouver Island-Goldstream_FA_0.x","Goldstr"
"CK-21",2011,40,NA,40,"DU21","East Vancouver Island-Goldstream_FA_0.x","Goldstr"
"CK-21",2012,59,NA,59,"DU21","East Vancouver Island-Goldstream_FA_0.x","Goldstr"
"CK-21",2013,24,NA,24,"DU21","East Vancouver Island-Goldstream_FA_0.x","Goldstr"
"CK-21",2014,2,NA,2,"DU21","East Vancouver Island-Goldstream_FA_0.x","Goldstr"
"CK-21",2015,2,NA,2,"DU21","East Vancouver Island-Goldstream_FA_0.x","Goldstr"
"CK-21",2016,9,NA,9,"DU21","East Vancouver Island-Goldstream_FA_0.x","Goldstr"
"CK-21",2017,1,NA,1,"DU21","East Vancouver Island-Goldstream_FA_0.x","Goldstr"
"CK-21",2018,13,NA,13,"DU21","East Vancouver Island-Goldstream_FA_0.x","Goldstr"
"CK-21",2019,7,NA,7,"DU21","East Vancouver Island-Goldstream_FA_0.x","Goldstr"
"CK-21",2020,3,NA,3,"DU21","East Vancouver Island-Goldstream_FA_0.x","Goldstr"
"CK-21",2021,17,NA,17,"DU21","East Vancouver Island-Goldstream_FA_0.x","Goldstr"
"CK-21",2022,3,NA,3,"DU21","East Vancouver Island-Goldstream_FA_0.x","Goldstr"
"CK-22",1965,0,NA,0,"DU21","East Vancouver Island-Cowichan & Koksilah_FA_0.x","CWCH-KOK"
"CK-22",1966,7600,NA,7600,"DU21","East Vancouver Island-Cowichan & Koksilah_FA_0.x","CWCH-KOK"
"CK-22",1975,NA,NA,NA,"DU21","East Vancouver Island-Cowichan & Koksilah_FA_0.x","CWCH-KOK"
"CK-22",1976,3550,NA,3550,"DU21","East Vancouver Island-Cowichan & Koksilah_FA_0.x","CWCH-KOK"
"CK-22",1977,3700,NA,3700,"DU21","East Vancouver Island-Cowichan & Koksilah_FA_0.x","CWCH-KOK"
"CK-22",1978,4170,NA,4170,"DU21","East Vancouver Island-Cowichan & Koksilah_FA_0.x","CWCH-KOK"
"CK-22",1979,7195,NA,7195,"DU21","East Vancouver Island-Cowichan & Koksilah_FA_0.x","CWCH-KOK"
"CK-22",1980,337,NA,337,"DU21","East Vancouver Island-Cowichan & Koksilah_FA_0.x","CWCH-KOK"
"CK-22",1981,5782,NA,5782,"DU21","East Vancouver Island-Cowichan & Koksilah_FA_0.x","CWCH-KOK"
"CK-22",1982,5034,NA,5034,"DU21","East Vancouver Island-Cowichan & Koksilah_FA_0.x","CWCH-KOK"
"CK-22",1983,4742,NA,4742,"DU21","East Vancouver Island-Cowichan & Koksilah_FA_0.x","CWCH-KOK"
"CK-22",1984,5278,NA,5278,"DU21","East Vancouver Island-Cowichan & Koksilah_FA_0.x","CWCH-KOK"
"CK-22",1985,3675,NA,3675,"DU21","East Vancouver Island-Cowichan & Koksilah_FA_0.x","CWCH-KOK"
"CK-22",1986,2146,NA,2146,"DU21","East Vancouver Island-Cowichan & Koksilah_FA_0.x","CWCH-KOK"
"CK-22",1987,2519,NA,2519,"DU21","East Vancouver Island-Cowichan & Koksilah_FA_0.x","CWCH-KOK"
"CK-22",1988,6878,NA,6878,"DU21","East Vancouver Island-Cowichan & Koksilah_FA_0.x","CWCH-KOK"
"CK-22",1989,5535,NA,5535,"DU21","East Vancouver Island-Cowichan & Koksilah_FA_0.x","CWCH-KOK"
"CK-22",1990,5626,NA,5626,"DU21","East Vancouver Island-Cowichan & Koksilah_FA_0.x","CWCH-KOK"
"CK-22",1991,7408,NA,7408,"DU21","East Vancouver Island-Cowichan & Koksilah_FA_0.x","CWCH-KOK"
"CK-22",1992,10250,NA,10250,"DU21","East Vancouver Island-Cowichan & Koksilah_FA_0.x","CWCH-KOK"
"CK-22",1993,7030,NA,7030,"DU21","East Vancouver Island-Cowichan & Koksilah_FA_0.x","CWCH-KOK"
"CK-22",1994,6407,NA,6407,"DU21","East Vancouver Island-Cowichan & Koksilah_FA_0.x","CWCH-KOK"
"CK-22",1995,16449,NA,16449,"DU21","East Vancouver Island-Cowichan & Koksilah_FA_0.x","CWCH-KOK"
"CK-22",1996,14596,NA,14596,"DU21","East Vancouver Island-Cowichan & Koksilah_FA_0.x","CWCH-KOK"
"CK-22",1997,9973,NA,9973,"DU21","East Vancouver Island-Cowichan & Koksilah_FA_0.x","CWCH-KOK"
"CK-22",1998,5858,NA,5858,"DU21","East Vancouver Island-Cowichan & Koksilah_FA_0.x","CWCH-KOK"
"CK-22",1999,6110,NA,6110,"DU21","East Vancouver Island-Cowichan & Koksilah_FA_0.x","CWCH-KOK"
"CK-22",2000,6638,NA,6638,"DU21","East Vancouver Island-Cowichan & Koksilah_FA_0.x","CWCH-KOK"
"CK-22",2001,5014,NA,5014,"DU21","East Vancouver Island-Cowichan & Koksilah_FA_0.x","CWCH-KOK"
"CK-22",2002,4115,NA,4115,"DU21","East Vancouver Island-Cowichan & Koksilah_FA_0.x","CWCH-KOK"
"CK-22",2003,3356,NA,3356,"DU21","East Vancouver Island-Cowichan & Koksilah_FA_0.x","CWCH-KOK"
"CK-22",2004,2721,NA,2721,"DU21","East Vancouver Island-Cowichan & Koksilah_FA_0.x","CWCH-KOK"
"CK-22",2005,2467,NA,2467,"DU21","East Vancouver Island-Cowichan & Koksilah_FA_0.x","CWCH-KOK"
"CK-22",2006,1775,NA,1775,"DU21","East Vancouver Island-Cowichan & Koksilah_FA_0.x","CWCH-KOK"
"CK-22",2007,2175,NA,2175,"DU21","East Vancouver Island-Cowichan & Koksilah_FA_0.x","CWCH-KOK"
"CK-22",2008,2015,NA,2015,"DU21","East Vancouver Island-Cowichan & Koksilah_FA_0.x","CWCH-KOK"
"CK-22",2009,785,NA,785,"DU21","East Vancouver Island-Cowichan & Koksilah_FA_0.x","CWCH-KOK"
"CK-22",2010,2879,NA,2879,"DU21","East Vancouver Island-Cowichan & Koksilah_FA_0.x","CWCH-KOK"
"CK-22",2011,3492,NA,3492,"DU21","East Vancouver Island-Cowichan & Koksilah_FA_0.x","CWCH-KOK"
"CK-22",2012,3448,NA,3448,"DU21","East Vancouver Island-Cowichan & Koksilah_FA_0.x","CWCH-KOK"
"CK-22",2013,4591,NA,4591,"DU21","East Vancouver Island-Cowichan & Koksilah_FA_0.x","CWCH-KOK"
"CK-22",2014,4590,NA,4590,"DU21","East Vancouver Island-Cowichan & Koksilah_FA_0.x","CWCH-KOK"
"CK-22",2015,6394,NA,6394,"DU21","East Vancouver Island-Cowichan & Koksilah_FA_0.x","CWCH-KOK"
"CK-22",2016,8218,NA,8218,"DU21","East Vancouver Island-Cowichan & Koksilah_FA_0.x","CWCH-KOK"
"CK-22",2017,13313,NA,13313,"DU21","East Vancouver Island-Cowichan & Koksilah_FA_0.x","CWCH-KOK"
"CK-22",2018,14395,NA,14395,"DU21","East Vancouver Island-Cowichan & Koksilah_FA_0.x","CWCH-KOK"
"CK-22",2019,15681,NA,15681,"DU21","East Vancouver Island-Cowichan & Koksilah_FA_0.x","CWCH-KOK"
"CK-22",2020,8865,NA,8865,"DU21","East Vancouver Island-Cowichan & Koksilah_FA_0.x","CWCH-KOK"
"CK-22",2021,13336,NA,13336,"DU21","East Vancouver Island-Cowichan & Koksilah_FA_0.x","CWCH-KOK"
"CK-22",2022,18071,NA,18071,"DU21","East Vancouver Island-Cowichan & Koksilah_FA_0.x","CWCH-KOK"
"CK-25",1979,NA,NA,NA,"DU21","East Vancouver Island-Nanaimo & Chemainus_FA_0.x","EVI-fall"
"CK-25",1980,NA,NA,NA,"DU21","East Vancouver Island-Nanaimo & Chemainus_FA_0.x","EVI-fall"
"CK-25",1984,NA,NA,NA,"DU21","East Vancouver Island-Nanaimo & Chemainus_FA_0.x","EVI-fall"
"CK-25",1986,NA,NA,NA,"DU21","East Vancouver Island-Nanaimo & Chemainus_FA_0.x","EVI-fall"
"CK-25",1987,NA,NA,NA,"DU21","East Vancouver Island-Nanaimo & Chemainus_FA_0.x","EVI-fall"
"CK-25",1988,NA,NA,NA,"DU21","East Vancouver Island-Nanaimo & Chemainus_FA_0.x","EVI-fall"
"CK-25",1989,1198,NA,1198,"DU21","East Vancouver Island-Nanaimo & Chemainus_FA_0.x","EVI-fall"
"CK-25",1990,NA,NA,NA,"DU21","East Vancouver Island-Nanaimo & Chemainus_FA_0.x","EVI-fall"
"CK-25",1991,NA,NA,NA,"DU21","East Vancouver Island-Nanaimo & Chemainus_FA_0.x","EVI-fall"
"CK-25",1993,719,NA,719,"DU21","East Vancouver Island-Nanaimo & Chemainus_FA_0.x","EVI-fall"
"CK-25",1994,491,NA,491,"DU21","East Vancouver Island-Nanaimo & Chemainus_FA_0.x","EVI-fall"
"CK-25",1995,2313,NA,2313,"DU21","East Vancouver Island-Nanaimo & Chemainus_FA_0.x","EVI-fall"
"CK-25",1996,2159,NA,2159,"DU21","East Vancouver Island-Nanaimo & Chemainus_FA_0.x","EVI-fall"
"CK-25",1997,890,NA,890,"DU21","East Vancouver Island-Nanaimo & Chemainus_FA_0.x","EVI-fall"
"CK-25",1998,1485,NA,1485,"DU21","East Vancouver Island-Nanaimo & Chemainus_FA_0.x","EVI-fall"
"CK-25",1999,2490,NA,2490,"DU21","East Vancouver Island-Nanaimo & Chemainus_FA_0.x","EVI-fall"
"CK-25",2000,895,NA,895,"DU21","East Vancouver Island-Nanaimo & Chemainus_FA_0.x","EVI-fall"
"CK-25",2001,1614,NA,1614,"DU21","East Vancouver Island-Nanaimo & Chemainus_FA_0.x","EVI-fall"
"CK-25",2002,1614,NA,1614,"DU21","East Vancouver Island-Nanaimo & Chemainus_FA_0.x","EVI-fall"
"CK-25",2003,1562,NA,1562,"DU21","East Vancouver Island-Nanaimo & Chemainus_FA_0.x","EVI-fall"
"CK-25",2004,2098,NA,2098,"DU21","East Vancouver Island-Nanaimo & Chemainus_FA_0.x","EVI-fall"
"CK-25",2005,1180,NA,1180,"DU21","East Vancouver Island-Nanaimo & Chemainus_FA_0.x","EVI-fall"
"CK-25",2006,2315,NA,2315,"DU21","East Vancouver Island-Nanaimo & Chemainus_FA_0.x","EVI-fall"
"CK-25",2007,2202,NA,2202,"DU21","East Vancouver Island-Nanaimo & Chemainus_FA_0.x","EVI-fall"
"CK-25",2008,2766,NA,2766,"DU21","East Vancouver Island-Nanaimo & Chemainus_FA_0.x","EVI-fall"
"CK-25",2009,1513,NA,1513,"DU21","East Vancouver Island-Nanaimo & Chemainus_FA_0.x","EVI-fall"
"CK-25",2010,2473.5676161919,NA,2473.5676161919,"DU21","East Vancouver Island-Nanaimo & Chemainus_FA_0.x","EVI-fall"
"CK-25",2011,5264,NA,5264,"DU21","East Vancouver Island-Nanaimo & Chemainus_FA_0.x","EVI-fall"
"CK-25",2012,1172.16311844078,NA,1172.16311844078,"DU21","East Vancouver Island-Nanaimo & Chemainus_FA_0.x","EVI-fall"
"CK-25",2013,2584.8275862069,NA,2584.8275862069,"DU21","East Vancouver Island-Nanaimo & Chemainus_FA_0.x","EVI-fall"
"CK-25",2014,1898.16251874063,NA,1898.16251874063,"DU21","East Vancouver Island-Nanaimo & Chemainus_FA_0.x","EVI-fall"
"CK-25",2015,3489.51724137931,NA,3489.51724137931,"DU21","East Vancouver Island-Nanaimo & Chemainus_FA_0.x","EVI-fall"
"CK-25",2016,2227.44707646177,NA,2227.44707646177,"DU21","East Vancouver Island-Nanaimo & Chemainus_FA_0.x","EVI-fall"
"CK-25",2017,2369.05067466267,NA,2369.05067466267,"DU21","East Vancouver Island-Nanaimo & Chemainus_FA_0.x","EVI-fall"
"CK-25",2018,3327.68455772114,NA,3327.68455772114,"DU21","East Vancouver Island-Nanaimo & Chemainus_FA_0.x","EVI-fall"
"CK-25",2019,3083.81169415292,NA,3083.81169415292,"DU21","East Vancouver Island-Nanaimo & Chemainus_FA_0.x","EVI-fall"
"CK-25",2020,3337.79910044977,NA,3337.79910044977,"DU21","East Vancouver Island-Nanaimo & Chemainus_FA_0.x","EVI-fall"
"CK-25",2021,5222.47556221889,NA,5222.47556221889,"DU21","East Vancouver Island-Nanaimo & Chemainus_FA_0.x","EVI-fall"
"CK-25",2022,8697.38290854573,NA,8697.38290854573,"DU21","East Vancouver Island-Nanaimo & Chemainus_FA_0.x","EVI-fall"
"CK-27",1965,NA,NA,NA,"DU21","East Vancouver Island-Qualicum & Puntledge_FA_0.x","QP-fall"
"CK-27",1966,NA,NA,NA,"DU21","East Vancouver Island-Qualicum & Puntledge_FA_0.x","QP-fall"
"CK-27",1967,NA,NA,NA,"DU21","East Vancouver Island-Qualicum & Puntledge_FA_0.x","QP-fall"
"CK-27",1968,NA,NA,NA,"DU21","East Vancouver Island-Qualicum & Puntledge_FA_0.x","QP-fall"
"CK-27",1969,NA,NA,NA,"DU21","East Vancouver Island-Qualicum & Puntledge_FA_0.x","QP-fall"
"CK-27",1970,NA,NA,NA,"DU21","East Vancouver Island-Qualicum & Puntledge_FA_0.x","QP-fall"
"CK-27",1971,NA,NA,NA,"DU21","East Vancouver Island-Qualicum & Puntledge_FA_0.x","QP-fall"
"CK-27",1972,NA,NA,NA,"DU21","East Vancouver Island-Qualicum & Puntledge_FA_0.x","QP-fall"
"CK-27",1988,956,NA,956,"DU21","East Vancouver Island-Qualicum & Puntledge_FA_0.x","QP-fall"
"CK-27",1990,9787,NA,9787,"DU21","East Vancouver Island-Qualicum & Puntledge_FA_0.x","QP-fall"
"CK-27",1991,5757,NA,5757,"DU21","East Vancouver Island-Qualicum & Puntledge_FA_0.x","QP-fall"
"CK-27",1992,5275,NA,5275,"DU21","East Vancouver Island-Qualicum & Puntledge_FA_0.x","QP-fall"
"CK-27",1993,4324,NA,4324,"DU21","East Vancouver Island-Qualicum & Puntledge_FA_0.x","QP-fall"
"CK-27",1994,6596,NA,6596,"DU21","East Vancouver Island-Qualicum & Puntledge_FA_0.x","QP-fall"
"CK-27",1995,5044.27351818049,NA,5044.27351818049,"DU21","East Vancouver Island-Qualicum & Puntledge_FA_0.x","QP-fall"
"CK-27",1996,6035.82415257371,NA,6035.82415257371,"DU21","East Vancouver Island-Qualicum & Puntledge_FA_0.x","QP-fall"
"CK-27",1997,5562.02225663789,NA,5562.02225663789,"DU21","East Vancouver Island-Qualicum & Puntledge_FA_0.x","QP-fall"
"CK-27",1998,7986.15697326025,NA,7986.15697326025,"DU21","East Vancouver Island-Qualicum & Puntledge_FA_0.x","QP-fall"
"CK-27",1999,8073.85897451214,NA,8073.85897451214,"DU21","East Vancouver Island-Qualicum & Puntledge_FA_0.x","QP-fall"
"CK-27",2000,11775.0071181267,NA,11775.0071181267,"DU21","East Vancouver Island-Qualicum & Puntledge_FA_0.x","QP-fall"
"CK-27",2001,30496.3620323212,NA,30496.3620323212,"DU21","East Vancouver Island-Qualicum & Puntledge_FA_0.x","QP-fall"
"CK-27",2002,23128.399215812,NA,23128.399215812,"DU21","East Vancouver Island-Qualicum & Puntledge_FA_0.x","QP-fall"
"CK-27",2003,24289,NA,24289,"DU21","East Vancouver Island-Qualicum & Puntledge_FA_0.x","QP-fall"
"CK-27",2004,20573.7294936564,NA,20573.7294936564,"DU21","East Vancouver Island-Qualicum & Puntledge_FA_0.x","QP-fall"
"CK-27",2005,15305,NA,15305,"DU21","East Vancouver Island-Qualicum & Puntledge_FA_0.x","QP-fall"
"CK-27",2006,28698.6615054227,NA,28698.6615054227,"DU21","East Vancouver Island-Qualicum & Puntledge_FA_0.x","QP-fall"
"CK-27",2007,15906,NA,15906,"DU21","East Vancouver Island-Qualicum & Puntledge_FA_0.x","QP-fall"
"CK-27",2008,11694,NA,11694,"DU21","East Vancouver Island-Qualicum & Puntledge_FA_0.x","QP-fall"
"CK-27",2009,13947.1345779061,NA,13947.1345779061,"DU21","East Vancouver Island-Qualicum & Puntledge_FA_0.x","QP-fall"
"CK-27",2010,13044,NA,13044,"DU21","East Vancouver Island-Qualicum & Puntledge_FA_0.x","QP-fall"
"CK-27",2011,14655,NA,14655,"DU21","East Vancouver Island-Qualicum & Puntledge_FA_0.x","QP-fall"
"CK-27",2012,9638,NA,9638,"DU21","East Vancouver Island-Qualicum & Puntledge_FA_0.x","QP-fall"
"CK-27",2013,6973,NA,6973,"DU21","East Vancouver Island-Qualicum & Puntledge_FA_0.x","QP-fall"
"CK-27",2014,14530,NA,14530,"DU21","East Vancouver Island-Qualicum & Puntledge_FA_0.x","QP-fall"
"CK-27",2015,14242.8969934794,NA,14242.8969934794,"DU21","East Vancouver Island-Qualicum & Puntledge_FA_0.x","QP-fall"
"CK-27",2016,10949.6304820183,NA,10949.6304820183,"DU21","East Vancouver Island-Qualicum & Puntledge_FA_0.x","QP-fall"
"CK-27",2017,20178.4674115507,NA,20178.4674115507,"DU21","East Vancouver Island-Qualicum & Puntledge_FA_0.x","QP-fall"
"CK-27",2018,16682,NA,16682,"DU21","East Vancouver Island-Qualicum & Puntledge_FA_0.x","QP-fall"
"CK-27",2019,23089,NA,23089,"DU21","East Vancouver Island-Qualicum & Puntledge_FA_0.x","QP-fall"
"CK-27",2020,20091,NA,20091,"DU21","East Vancouver Island-Qualicum & Puntledge_FA_0.x","QP-fall"
"CK-27",2021,21783,NA,21783,"DU21","East Vancouver Island-Qualicum & Puntledge_FA_0.x","QP-fall"
"CK-27",2022,16148,NA,16148,"DU21","East Vancouver Island-Qualicum & Puntledge_FA_0.x","QP-fall"
"CK-28",1995,400,NA,400,"DU22","Southern Mainland-Southern Fjords_FA_0.x","SMn-SFj"
"CK-28",1996,300,NA,300,"DU22","Southern Mainland-Southern Fjords_FA_0.x","SMn-SFj"
"CK-28",1997,20,NA,20,"DU22","Southern Mainland-Southern Fjords_FA_0.x","SMn-SFj"
"CK-28",1998,350,NA,350,"DU22","Southern Mainland-Southern Fjords_FA_0.x","SMn-SFj"
"CK-28",1999,350,NA,350,"DU22","Southern Mainland-Southern Fjords_FA_0.x","SMn-SFj"
"CK-28",2000,150,NA,150,"DU22","Southern Mainland-Southern Fjords_FA_0.x","SMn-SFj"
"CK-28",2001,155,NA,155,"DU22","Southern Mainland-Southern Fjords_FA_0.x","SMn-SFj"
"CK-28",2002,359,NA,359,"DU22","Southern Mainland-Southern Fjords_FA_0.x","SMn-SFj"
"CK-28",2003,125,NA,125,"DU22","Southern Mainland-Southern Fjords_FA_0.x","SMn-SFj"
"CK-28",2004,106,NA,106,"DU22","Southern Mainland-Southern Fjords_FA_0.x","SMn-SFj"
"CK-28",2005,134,NA,134,"DU22","Southern Mainland-Southern Fjords_FA_0.x","SMn-SFj"
"CK-28",2006,704,NA,704,"DU22","Southern Mainland-Southern Fjords_FA_0.x","SMn-SFj"
"CK-28",2007,463,NA,463,"DU22","Southern Mainland-Southern Fjords_FA_0.x","SMn-SFj"
"CK-28",2008,217,NA,217,"DU22","Southern Mainland-Southern Fjords_FA_0.x","SMn-SFj"
"CK-28",2009,247,NA,247,"DU22","Southern Mainland-Southern Fjords_FA_0.x","SMn-SFj"
"CK-28",2010,856,NA,856,"DU22","Southern Mainland-Southern Fjords_FA_0.x","SMn-SFj"
"CK-28",2011,910,NA,910,"DU22","Southern Mainland-Southern Fjords_FA_0.x","SMn-SFj"
"CK-28",2012,2252,NA,2252,"DU22","Southern Mainland-Southern Fjords_FA_0.x","SMn-SFj"
"CK-28",2013,3518,NA,3518,"DU22","Southern Mainland-Southern Fjords_FA_0.x","SMn-SFj"
"CK-28",2014,2351,NA,2351,"DU22","Southern Mainland-Southern Fjords_FA_0.x","SMn-SFj"
"CK-28",2015,2368,NA,2368,"DU22","Southern Mainland-Southern Fjords_FA_0.x","SMn-SFj"
"CK-28",2016,2133,NA,2133,"DU22","Southern Mainland-Southern Fjords_FA_0.x","SMn-SFj"
"CK-28",2017,2422,NA,2422,"DU22","Southern Mainland-Southern Fjords_FA_0.x","SMn-SFj"
"CK-28",2018,1267,NA,1267,"DU22","Southern Mainland-Southern Fjords_FA_0.x","SMn-SFj"
"CK-28",2019,2524,NA,2524,"DU22","Southern Mainland-Southern Fjords_FA_0.x","SMn-SFj"
"CK-28",2020,3330,NA,3330,"DU22","Southern Mainland-Southern Fjords_FA_0.x","SMn-SFj"
"CK-28",2021,2205,NA,2205,"DU22","Southern Mainland-Southern Fjords_FA_0.x","SMn-SFj"
"CK-29",1983,NA,NA,NA,"DU23","East Vancouver Island-North_FA_0.x","NEVI"
"CK-29",1984,NA,NA,NA,"DU23","East Vancouver Island-North_FA_0.x","NEVI"
"CK-29",1985,NA,NA,NA,"DU23","East Vancouver Island-North_FA_0.x","NEVI"
"CK-29",1986,7117,NA,7117,"DU23","East Vancouver Island-North_FA_0.x","NEVI"
"CK-29",1987,6068,NA,6068,"DU23","East Vancouver Island-North_FA_0.x","NEVI"
"CK-29",1988,12162,NA,12162,"DU23","East Vancouver Island-North_FA_0.x","NEVI"
"CK-29",1989,14481,NA,14481,"DU23","East Vancouver Island-North_FA_0.x","NEVI"
"CK-29",1990,14995,NA,14995,"DU23","East Vancouver Island-North_FA_0.x","NEVI"
"CK-29",1991,8171,NA,8171,"DU23","East Vancouver Island-North_FA_0.x","NEVI"
"CK-29",1992,4464,NA,4464,"DU23","East Vancouver Island-North_FA_0.x","NEVI"
"CK-29",1993,2489,NA,2489,"DU23","East Vancouver Island-North_FA_0.x","NEVI"
"CK-29",1994,2812,NA,2812,"DU23","East Vancouver Island-North_FA_0.x","NEVI"
"CK-29",1995,3298,NA,3298,"DU23","East Vancouver Island-North_FA_0.x","NEVI"
"CK-29",1996,3552,NA,3552,"DU23","East Vancouver Island-North_FA_0.x","NEVI"
"CK-29",1997,3227,NA,3227,"DU23","East Vancouver Island-North_FA_0.x","NEVI"
"CK-29",1998,4747,NA,4747,"DU23","East Vancouver Island-North_FA_0.x","NEVI"
"CK-29",1999,8753.9655260611,194.965526061102,8559,"DU23","East Vancouver Island-North_FA_0.x","NEVI"
"CK-29",2000,9118.88658829547,203.092931481821,8915.79365681365,"DU23","East Vancouver Island-North_FA_0.x","NEVI"
"CK-29",2001,15542.1497995122,346.149799512151,15196,"DU23","East Vancouver Island-North_FA_0.x","NEVI"
"CK-29",2002,14108,437,13671,"DU23","East Vancouver Island-North_FA_0.x","NEVI"
"CK-29",2003,8296,33,8263,"DU23","East Vancouver Island-North_FA_0.x","NEVI"
"CK-29",2004,11251,67,11184,"DU23","East Vancouver Island-North_FA_0.x","NEVI"
"CK-29",2005,9452,67,9385,"DU23","East Vancouver Island-North_FA_0.x","NEVI"
"CK-29",2006,13066,173,12893,"DU23","East Vancouver Island-North_FA_0.x","NEVI"
"CK-29",2007,8004,98,7906,"DU23","East Vancouver Island-North_FA_0.x","NEVI"
"CK-29",2008,7997,229,7768,"DU23","East Vancouver Island-North_FA_0.x","NEVI"
"CK-29",2009,9194,185,9009,"DU23","East Vancouver Island-North_FA_0.x","NEVI"
"CK-29",2010,5793,156,5637,"DU23","East Vancouver Island-North_FA_0.x","NEVI"
"CK-29",2011,6671,238,6433,"DU23","East Vancouver Island-North_FA_0.x","NEVI"
"CK-29",2012,8458,80,8378,"DU23","East Vancouver Island-North_FA_0.x","NEVI"
"CK-29",2013,7545,131,7414,"DU23","East Vancouver Island-North_FA_0.x","NEVI"
"CK-29",2014,5585,66,5519,"DU23","East Vancouver Island-North_FA_0.x","NEVI"
"CK-29",2015,5545,65,5480,"DU23","East Vancouver Island-North_FA_0.x","NEVI"
"CK-29",2016,9701,97,9604,"DU23","East Vancouver Island-North_FA_0.x","NEVI"
"CK-29",2017,12173,533,11640,"DU23","East Vancouver Island-North_FA_0.x","NEVI"
"CK-29",2018,8406,160,8246,"DU23","East Vancouver Island-North_FA_0.x","NEVI"
"CK-29",2019,10264,324,9940,"DU23","East Vancouver Island-North_FA_0.x","NEVI"
"CK-29",2020,15139,503,14636,"DU23","East Vancouver Island-North_FA_0.x","NEVI"
"CK-29",2021,10663.8449157926,629,10034.8449157926,"DU23","East Vancouver Island-North_FA_0.x","NEVI"
"CK-31",1974,NA,NA,NA,"DU24","West Vancouver Island-South_FA_0.x","SWVI"
"CK-31",1975,NA,NA,NA,"DU24","West Vancouver Island-South_FA_0.x","SWVI"
"CK-31",1976,NA,NA,NA,"DU24","West Vancouver Island-South_FA_0.x","SWVI"
"CK-31",1977,NA,NA,NA,"DU24","West Vancouver Island-South_FA_0.x","SWVI"
"CK-31",1978,NA,NA,NA,"DU24","West Vancouver Island-South_FA_0.x","SWVI"
"CK-31",1979,NA,NA,NA,"DU24","West Vancouver Island-South_FA_0.x","SWVI"
"CK-31",1980,NA,NA,NA,"DU24","West Vancouver Island-South_FA_0.x","SWVI"
"CK-31",1981,NA,NA,NA,"DU24","West Vancouver Island-South_FA_0.x","SWVI"
"CK-31",1982,NA,NA,NA,"DU24","West Vancouver Island-South_FA_0.x","SWVI"
"CK-31",1983,NA,NA,NA,"DU24","West Vancouver Island-South_FA_0.x","SWVI"
"CK-31",1984,NA,NA,NA,"DU24","West Vancouver Island-South_FA_0.x","SWVI"
"CK-31",1985,79085,NA,79085,"DU24","West Vancouver Island-South_FA_0.x","SWVI"
"CK-31",1986,32786,NA,32786,"DU24","West Vancouver Island-South_FA_0.x","SWVI"
"CK-31",1987,18840,NA,18840,"DU24","West Vancouver Island-South_FA_0.x","SWVI"
"CK-31",1988,58879,NA,58879,"DU24","West Vancouver Island-South_FA_0.x","SWVI"
"CK-31",1989,49386,NA,49386,"DU24","West Vancouver Island-South_FA_0.x","SWVI"
"CK-31",1990,80800,NA,80800,"DU24","West Vancouver Island-South_FA_0.x","SWVI"
"CK-31",1991,90644,NA,90644,"DU24","West Vancouver Island-South_FA_0.x","SWVI"
"CK-31",1992,122035,NA,122035,"DU24","West Vancouver Island-South_FA_0.x","SWVI"
"CK-31",1993,79109,NA,79109,"DU24","West Vancouver Island-South_FA_0.x","SWVI"
"CK-31",1994,50610,NA,50610,"DU24","West Vancouver Island-South_FA_0.x","SWVI"
"CK-31",1995,37774.3534194351,915,36859.3534194351,"DU24","West Vancouver Island-South_FA_0.x","SWVI"
"CK-31",1996,41389,1167,40222,"DU24","West Vancouver Island-South_FA_0.x","SWVI"
"CK-31",1997,53859,861,52998,"DU24","West Vancouver Island-South_FA_0.x","SWVI"
"CK-31",1998,76401,1615,74786,"DU24","West Vancouver Island-South_FA_0.x","SWVI"
"CK-31",1999,40807,1321,39486,"DU24","West Vancouver Island-South_FA_0.x","SWVI"
"CK-31",2000,16654.2676290889,465,16189.2676290889,"DU24","West Vancouver Island-South_FA_0.x","SWVI"
"CK-31",2001,31990.582133446,656.582133446007,31334,"DU24","West Vancouver Island-South_FA_0.x","SWVI"
"CK-31",2002,58774,746,58028,"DU24","West Vancouver Island-South_FA_0.x","SWVI"
"CK-31",2003,91263.7196085147,988,90275.7196085147,"DU24","West Vancouver Island-South_FA_0.x","SWVI"
"CK-31",2004,72434.8249887422,1796,70638.8249887422,"DU24","West Vancouver Island-South_FA_0.x","SWVI"
"CK-31",2005,56291.8986264768,375,55916.8986264768,"DU24","West Vancouver Island-South_FA_0.x","SWVI"
"CK-31",2006,68973.336758277,791,68182.336758277,"DU24","West Vancouver Island-South_FA_0.x","SWVI"
"CK-31",2007,31401.3747181151,332,31069.3747181151,"DU24","West Vancouver Island-South_FA_0.x","SWVI"
"CK-31",2008,40276.7445115861,401,39875.7445115861,"DU24","West Vancouver Island-South_FA_0.x","SWVI"
"CK-31",2009,34238.9624548762,219,34019.9624548762,"DU24","West Vancouver Island-South_FA_0.x","SWVI"
"CK-31",2010,30033.1893432929,714,29319.1893432929,"DU24","West Vancouver Island-South_FA_0.x","SWVI"
"CK-31",2011,32683.0280149968,803,31880.0280149968,"DU24","West Vancouver Island-South_FA_0.x","SWVI"
"CK-31",2012,29539.2700808114,590.306259550015,28948.9638212614,"DU24","West Vancouver Island-South_FA_0.x","SWVI"
"CK-31",2013,59726.33450352,757.351700402513,58968.9828031174,"DU24","West Vancouver Island-South_FA_0.x","SWVI"
"CK-31",2014,36070.7883355113,376.841908892257,35693.946426619,"DU24","West Vancouver Island-South_FA_0.x","SWVI"
"CK-31",2015,57777.7187041518,1241.12010768119,56536.5985964706,"DU24","West Vancouver Island-South_FA_0.x","SWVI"
"CK-31",2016,52523.8465256417,1512.69089886583,51011.1556267759,"DU24","West Vancouver Island-South_FA_0.x","SWVI"
"CK-31",2017,53184.4599668962,954,52230.4599668962,"DU24","West Vancouver Island-South_FA_0.x","SWVI"
"CK-31",2018,58807.1244784657,813.557252413689,57993.567226052,"DU24","West Vancouver Island-South_FA_0.x","SWVI"
"CK-31",2019,48870.8053717593,987.207059775952,47883.5983119833,"DU24","West Vancouver Island-South_FA_0.x","SWVI"
"CK-31",2020,52503.4632465539,1498.59438773168,51004.8688588223,"DU24","West Vancouver Island-South_FA_0.x","SWVI"
"CK-31",2021,58225.5303468538,760.364958263127,57465.1653885907,"DU24","West Vancouver Island-South_FA_0.x","SWVI"
"CK-31",2022,40256.655131837,1215,39041.655131837,"DU24","West Vancouver Island-South_FA_0.x","SWVI"
"CK-32",1995,24943,1371,23572,"DU25","West Vancouver Island-Nootka & Kyuquot_FA_0.x","NoKy"
"CK-32",1996,20189,1240,18949,"DU25","West Vancouver Island-Nootka & Kyuquot_FA_0.x","NoKy"
"CK-32",1997,26625,2170,24455,"DU25","West Vancouver Island-Nootka & Kyuquot_FA_0.x","NoKy"
"CK-32",1998,32901,3073,29828,"DU25","West Vancouver Island-Nootka & Kyuquot_FA_0.x","NoKy"
"CK-32",1999,23388.8696975271,3477,19911.8696975271,"DU25","West Vancouver Island-Nootka & Kyuquot_FA_0.x","NoKy"
"CK-32",2000,11779.7318300805,1791,9988.7318300805,"DU25","West Vancouver Island-Nootka & Kyuquot_FA_0.x","NoKy"
"CK-32",2001,16908,1173,15735,"DU25","West Vancouver Island-Nootka & Kyuquot_FA_0.x","NoKy"
"CK-32",2002,33097.415853065,1358,31739.415853065,"DU25","West Vancouver Island-Nootka & Kyuquot_FA_0.x","NoKy"
"CK-32",2003,41405.1231231283,1972,39433.1231231283,"DU25","West Vancouver Island-Nootka & Kyuquot_FA_0.x","NoKy"
"CK-32",2004,51307.2278131932,2155,49152.2278131932,"DU25","West Vancouver Island-Nootka & Kyuquot_FA_0.x","NoKy"
"CK-32",2005,9988,990,8998,"DU25","West Vancouver Island-Nootka & Kyuquot_FA_0.x","NoKy"
"CK-32",2006,27647.1574571199,981,26666.1574571199,"DU25","West Vancouver Island-Nootka & Kyuquot_FA_0.x","NoKy"
"CK-32",2007,11437.4503537701,722,10715.4503537701,"DU25","West Vancouver Island-Nootka & Kyuquot_FA_0.x","NoKy"
"CK-32",2008,17291.2290844071,1125,16166.2290844071,"DU25","West Vancouver Island-Nootka & Kyuquot_FA_0.x","NoKy"
"CK-32",2009,23266.3919807643,1624,21642.3919807643,"DU25","West Vancouver Island-Nootka & Kyuquot_FA_0.x","NoKy"
"CK-32",2010,24794.0827871719,1030,23764.0827871719,"DU25","West Vancouver Island-Nootka & Kyuquot_FA_0.x","NoKy"
"CK-32",2011,27193,879,26314,"DU25","West Vancouver Island-Nootka & Kyuquot_FA_0.x","NoKy"
"CK-32",2012,9831,665,9166,"DU25","West Vancouver Island-Nootka & Kyuquot_FA_0.x","NoKy"
"CK-32",2013,79910.14888148,1541,78369.14888148,"DU25","West Vancouver Island-Nootka & Kyuquot_FA_0.x","NoKy"
"CK-32",2014,23352.6655900671,1035,22317.6655900671,"DU25","West Vancouver Island-Nootka & Kyuquot_FA_0.x","NoKy"
"CK-32",2015,51454.2316466783,2575,48879.2316466783,"DU25","West Vancouver Island-Nootka & Kyuquot_FA_0.x","NoKy"
"CK-32",2016,56146.1911763668,1514,54632.1911763668,"DU25","West Vancouver Island-Nootka & Kyuquot_FA_0.x","NoKy"
"CK-32",2017,22666.032458418,3078,19588.032458418,"DU25","West Vancouver Island-Nootka & Kyuquot_FA_0.x","NoKy"
"CK-32",2018,21945.3823213939,3335,18610.3823213939,"DU25","West Vancouver Island-Nootka & Kyuquot_FA_0.x","NoKy"
"CK-32",2019,14581.9818679543,3456,11125.9818679543,"DU25","West Vancouver Island-Nootka & Kyuquot_FA_0.x","NoKy"
"CK-32",2020,12125.6142818093,2083,10042.6142818093,"DU25","West Vancouver Island-Nootka & Kyuquot_FA_0.x","NoKy"
"CK-32",2021,26560.7713190371,3274.70228158661,23286.0690374504,"DU25","West Vancouver Island-Nootka & Kyuquot_FA_0.x","NoKy"
"CK-32",2022,27140.9733511701,2774,24366.9733511701,"DU25","West Vancouver Island-Nootka & Kyuquot_FA_0.x","NoKy"
"CK-33",1976,NA,NA,NA,"DU26","West Vancouver Island-North_FA_0.x","NWVI"
"CK-33",1979,NA,NA,NA,"DU26","West Vancouver Island-North_FA_0.x","NWVI"
"CK-33",1981,NA,NA,NA,"DU26","West Vancouver Island-North_FA_0.x","NWVI"
"CK-33",1982,NA,NA,NA,"DU26","West Vancouver Island-North_FA_0.x","NWVI"
"CK-33",1983,NA,NA,NA,"DU26","West Vancouver Island-North_FA_0.x","NWVI"
"CK-33",1986,NA,NA,NA,"DU26","West Vancouver Island-North_FA_0.x","NWVI"
"CK-33",1987,NA,NA,NA,"DU26","West Vancouver Island-North_FA_0.x","NWVI"
"CK-33",1991,NA,NA,NA,"DU26","West Vancouver Island-North_FA_0.x","NWVI"
"CK-33",1993,NA,NA,NA,"DU26","West Vancouver Island-North_FA_0.x","NWVI"
"CK-33",1994,NA,NA,NA,"DU26","West Vancouver Island-North_FA_0.x","NWVI"
"CK-33",1995,2163.17950683891,2163.17950683891,NA,"DU26","West Vancouver Island-North_FA_0.x","NWVI"
"CK-33",1996,5159.15064363802,5159.15064363802,NA,"DU26","West Vancouver Island-North_FA_0.x","NWVI"
"CK-33",1997,3015.91391853614,3015.91391853614,NA,"DU26","West Vancouver Island-North_FA_0.x","NWVI"
"CK-33",1998,6167.17176759747,6167.17176759747,NA,"DU26","West Vancouver Island-North_FA_0.x","NWVI"
"CK-33",1999,5716.02533251353,5716.02533251353,NA,"DU26","West Vancouver Island-North_FA_0.x","NWVI"
"CK-33",2000,3498.64060407596,3498.64060407596,NA,"DU26","West Vancouver Island-North_FA_0.x","NWVI"
"CK-33",2001,2279.41736326161,2279.41736326161,NA,"DU26","West Vancouver Island-North_FA_0.x","NWVI"
"CK-33",2002,3252.76579695521,3252.76579695521,NA,"DU26","West Vancouver Island-North_FA_0.x","NWVI"
"CK-33",2003,2781.73460531437,2781.73460531437,NA,"DU26","West Vancouver Island-North_FA_0.x","NWVI"
"CK-33",2004,5911.33244337752,5911.33244337752,NA,"DU26","West Vancouver Island-North_FA_0.x","NWVI"
"CK-33",2005,3058.3330685278,3058.3330685278,NA,"DU26","West Vancouver Island-North_FA_0.x","NWVI"
"CK-33",2006,3972.90264472688,3972.90264472688,NA,"DU26","West Vancouver Island-North_FA_0.x","NWVI"
"CK-33",2007,3344.0147833628,3344.0147833628,NA,"DU26","West Vancouver Island-North_FA_0.x","NWVI"
"CK-33",2008,3324.02644626618,3324.02644626618,NA,"DU26","West Vancouver Island-North_FA_0.x","NWVI"
"CK-33",2009,4590.4149769791,4590.4149769791,NA,"DU26","West Vancouver Island-North_FA_0.x","NWVI"
"CK-33",2010,4601.69363785619,4601.69363785619,NA,"DU26","West Vancouver Island-North_FA_0.x","NWVI"
"CK-33",2011,4885.2285050549,4885.2285050549,NA,"DU26","West Vancouver Island-North_FA_0.x","NWVI"
"CK-33",2012,3404.84315690479,3404.84315690479,NA,"DU26","West Vancouver Island-North_FA_0.x","NWVI"
"CK-33",2013,864.426827904343,864.426827904343,NA,"DU26","West Vancouver Island-North_FA_0.x","NWVI"
"CK-33",2014,1795.53648418818,1795.53648418818,NA,"DU26","West Vancouver Island-North_FA_0.x","NWVI"
"CK-33",2015,8042.39518843298,8042.39518843298,NA,"DU26","West Vancouver Island-North_FA_0.x","NWVI"
"CK-33",2016,2269.35510526889,2269.35510526889,NA,"DU26","West Vancouver Island-North_FA_0.x","NWVI"
"CK-33",2017,7282.54624849514,7282.54624849514,NA,"DU26","West Vancouver Island-North_FA_0.x","NWVI"
"CK-33",2018,1124.48583808983,1124.48583808983,NA,"DU26","West Vancouver Island-North_FA_0.x","NWVI"
"CK-33",2019,6424.17740129263,6424.17740129263,NA,"DU26","West Vancouver Island-North_FA_0.x","NWVI"
"CK-33",2020,1658.28820046956,1658.28820046956,NA,"DU26","West Vancouver Island-North_FA_0.x","NWVI"
"CK-33",2021,2813.79753164781,2813.79753164781,NA,"DU26","West Vancouver Island-North_FA_0.x","NWVI"
"CK-33",2022,2438.08460161873,2438.08460161873,NA,"DU26","West Vancouver Island-North_FA_0.x","NWVI"
"CK-82",1981,NA,NA,NA,"DU_NA","Upper Adams River_SU_x.x","UADAMS"
"CK-82",1991,12,12,NA,"DU_NA","Upper Adams River_SU_x.x","UADAMS"
"CK-82",1993,150,150,NA,"DU_NA","Upper Adams River_SU_x.x","UADAMS"
"CK-82",1995,128,128,NA,"DU_NA","Upper Adams River_SU_x.x","UADAMS"
"CK-82",1996,220,220,NA,"DU_NA","Upper Adams River_SU_x.x","UADAMS"
"CK-82",1997,275,275,NA,"DU_NA","Upper Adams River_SU_x.x","UADAMS"
"CK-82",1998,100,100,NA,"DU_NA","Upper Adams River_SU_x.x","UADAMS"
"CK-82",1999,106,106,NA,"DU_NA","Upper Adams River_SU_x.x","UADAMS"
"CK-82",2000,60,60,NA,"DU_NA","Upper Adams River_SU_x.x","UADAMS"
"CK-82",2001,109,109,NA,"DU_NA","Upper Adams River_SU_x.x","UADAMS"
"CK-82",2002,13,13,NA,"DU_NA","Upper Adams River_SU_x.x","UADAMS"
"CK-82",2003,150,150,NA,"DU_NA","Upper Adams River_SU_x.x","UADAMS"
"CK-82",2004,238,238,NA,"DU_NA","Upper Adams River_SU_x.x","UADAMS"
"CK-82",2006,20,20,NA,"DU_NA","Upper Adams River_SU_x.x","UADAMS"
"CK-82",2007,165,165,NA,"DU_NA","Upper Adams River_SU_x.x","UADAMS"
"CK-82",2008,150,150,NA,"DU_NA","Upper Adams River_SU_x.x","UADAMS"
"CK-82",2009,81,81,NA,"DU_NA","Upper Adams River_SU_x.x","UADAMS"
"CK-82",2010,55,55,NA,"DU_NA","Upper Adams River_SU_x.x","UADAMS"
"CK-82",2011,70,70,NA,"DU_NA","Upper Adams River_SU_x.x","UADAMS"
"CK-82",2012,97,97,NA,"DU_NA","Upper Adams River_SU_x.x","UADAMS"
"CK-82",2018,101,101,NA,"DU_NA","Upper Adams River_SU_x.x","UADAMS"
"CK-82",2019,NA,NA,NA,"DU_NA","Upper Adams River_SU_x.x","UADAMS"
"CK-82",2020,0,0,NA,"DU_NA","Upper Adams River_SU_x.x","UADAMS"
"CK-82",2021,NA,NA,NA,"DU_NA","Upper Adams River_SU_x.x","UADAMS"
"CK-82",2022,29,29,NA,"DU_NA","Upper Adams River_SU_x.x","UADAMS"
"CK-83",1979,NA,NA,NA,"DU20","East Vancouver Island-Georgia Strait_SU_0.3","EVIGStr-sum"
"CK-83",1980,NA,NA,NA,"DU20","East Vancouver Island-Georgia Strait_SU_0.3","EVIGStr-sum"
"CK-83",1986,NA,NA,NA,"DU20","East Vancouver Island-Georgia Strait_SU_0.3","EVIGStr-sum"
"CK-83",1987,1166,NA,1166,"DU20","East Vancouver Island-Georgia Strait_SU_0.3","EVIGStr-sum"
"CK-83",1988,957,NA,957,"DU20","East Vancouver Island-Georgia Strait_SU_0.3","EVIGStr-sum"
"CK-83",1990,2510.88295687885,NA,2510.88295687885,"DU20","East Vancouver Island-Georgia Strait_SU_0.3","EVIGStr-sum"
"CK-83",1991,2140.85810007565,NA,2140.85810007565,"DU20","East Vancouver Island-Georgia Strait_SU_0.3","EVIGStr-sum"
"CK-83",1992,1080.34043013077,NA,1080.34043013077,"DU20","East Vancouver Island-Georgia Strait_SU_0.3","EVIGStr-sum"
"CK-83",1993,695.448503188155,NA,695.448503188155,"DU20","East Vancouver Island-Georgia Strait_SU_0.3","EVIGStr-sum"
"CK-83",1994,571.55625202637,NA,571.55625202637,"DU20","East Vancouver Island-Georgia Strait_SU_0.3","EVIGStr-sum"
"CK-83",1995,416,NA,416,"DU20","East Vancouver Island-Georgia Strait_SU_0.3","EVIGStr-sum"
"CK-83",1996,1062,NA,1062,"DU20","East Vancouver Island-Georgia Strait_SU_0.3","EVIGStr-sum"
"CK-83",1997,991,NA,991,"DU20","East Vancouver Island-Georgia Strait_SU_0.3","EVIGStr-sum"
"CK-83",1998,544,NA,544,"DU20","East Vancouver Island-Georgia Strait_SU_0.3","EVIGStr-sum"
"CK-83",1999,1015,NA,1015,"DU20","East Vancouver Island-Georgia Strait_SU_0.3","EVIGStr-sum"
"CK-83",2000,1271,NA,1271,"DU20","East Vancouver Island-Georgia Strait_SU_0.3","EVIGStr-sum"
"CK-83",2001,2298,NA,2298,"DU20","East Vancouver Island-Georgia Strait_SU_0.3","EVIGStr-sum"
"CK-83",2002,1593,NA,1593,"DU20","East Vancouver Island-Georgia Strait_SU_0.3","EVIGStr-sum"
"CK-83",2003,1629,NA,1629,"DU20","East Vancouver Island-Georgia Strait_SU_0.3","EVIGStr-sum"
"CK-83",2004,1129,NA,1129,"DU20","East Vancouver Island-Georgia Strait_SU_0.3","EVIGStr-sum"
"CK-83",2005,3371,NA,3371,"DU20","East Vancouver Island-Georgia Strait_SU_0.3","EVIGStr-sum"
"CK-83",2006,1961,NA,1961,"DU20","East Vancouver Island-Georgia Strait_SU_0.3","EVIGStr-sum"
"CK-83",2007,1623,NA,1623,"DU20","East Vancouver Island-Georgia Strait_SU_0.3","EVIGStr-sum"
"CK-83",2008,1228,NA,1228,"DU20","East Vancouver Island-Georgia Strait_SU_0.3","EVIGStr-sum"
"CK-83",2009,2111,NA,2111,"DU20","East Vancouver Island-Georgia Strait_SU_0.3","EVIGStr-sum"
"CK-83",2010,1960,NA,1960,"DU20","East Vancouver Island-Georgia Strait_SU_0.3","EVIGStr-sum"
"CK-83",2011,2138,NA,2138,"DU20","East Vancouver Island-Georgia Strait_SU_0.3","EVIGStr-sum"
"CK-83",2012,1239,NA,1239,"DU20","East Vancouver Island-Georgia Strait_SU_0.3","EVIGStr-sum"
"CK-83",2013,774.739543931698,NA,774.739543931698,"DU20","East Vancouver Island-Georgia Strait_SU_0.3","EVIGStr-sum"
"CK-83",2014,2003.75067545661,NA,2003.75067545661,"DU20","East Vancouver Island-Georgia Strait_SU_0.3","EVIGStr-sum"
"CK-83",2015,665.714362909327,NA,665.714362909327,"DU20","East Vancouver Island-Georgia Strait_SU_0.3","EVIGStr-sum"
"CK-83",2016,601.290392305198,NA,601.290392305198,"DU20","East Vancouver Island-Georgia Strait_SU_0.3","EVIGStr-sum"
"CK-83",2017,1479,NA,1479,"DU20","East Vancouver Island-Georgia Strait_SU_0.3","EVIGStr-sum"
"CK-83",2018,1300.04268885767,NA,1300.04268885767,"DU20","East Vancouver Island-Georgia Strait_SU_0.3","EVIGStr-sum"
"CK-83",2019,999.397492705069,NA,999.397492705069,"DU20","East Vancouver Island-Georgia Strait_SU_0.3","EVIGStr-sum"
"CK-83",2020,747,NA,747,"DU20","East Vancouver Island-Georgia Strait_SU_0.3","EVIGStr-sum"
"CK-83",2021,1221,NA,1221,"DU20","East Vancouver Island-Georgia Strait_SU_0.3","EVIGStr-sum"
"CK-83",2022,719,NA,719,"DU20","East Vancouver Island-Georgia Strait_SU_0.3","EVIGStr-sum"
"CK-9008",1985,1492,NA,1492,"DU_TBD6","Fraser-Harrison fall transplant_FA_0.3","Chil_transp_FA"
"CK-9008",1986,4291,NA,4291,"DU_TBD6","Fraser-Harrison fall transplant_FA_0.3","Chil_transp_FA"
"CK-9008",1987,16790,NA,16790,"DU_TBD6","Fraser-Harrison fall transplant_FA_0.3","Chil_transp_FA"
"CK-9008",1988,14466,NA,14466,"DU_TBD6","Fraser-Harrison fall transplant_FA_0.3","Chil_transp_FA"
"CK-9008",1989,2933,NA,2933,"DU_TBD6","Fraser-Harrison fall transplant_FA_0.3","Chil_transp_FA"
"CK-9008",1990,1570,NA,1570,"DU_TBD6","Fraser-Harrison fall transplant_FA_0.3","Chil_transp_FA"
"CK-9008",1991,8392,NA,8392,"DU_TBD6","Fraser-Harrison fall transplant_FA_0.3","Chil_transp_FA"
"CK-9008",1992,35856,NA,35856,"DU_TBD6","Fraser-Harrison fall transplant_FA_0.3","Chil_transp_FA"
"CK-9008",1993,17834,NA,17834,"DU_TBD6","Fraser-Harrison fall transplant_FA_0.3","Chil_transp_FA"
"CK-9008",1994,6826,NA,6826,"DU_TBD6","Fraser-Harrison fall transplant_FA_0.3","Chil_transp_FA"
"CK-9008",1995,29820,NA,29820,"DU_TBD6","Fraser-Harrison fall transplant_FA_0.3","Chil_transp_FA"
"CK-9008",1996,21928,NA,21928,"DU_TBD6","Fraser-Harrison fall transplant_FA_0.3","Chil_transp_FA"
"CK-9008",1997,79717,NA,79717,"DU_TBD6","Fraser-Harrison fall transplant_FA_0.3","Chil_transp_FA"
"CK-9008",1998,78780,NA,78780,"DU_TBD6","Fraser-Harrison fall transplant_FA_0.3","Chil_transp_FA"
"CK-9008",1999,74945,NA,74945,"DU_TBD6","Fraser-Harrison fall transplant_FA_0.3","Chil_transp_FA"
"CK-9008",2000,70983,NA,70983,"DU_TBD6","Fraser-Harrison fall transplant_FA_0.3","Chil_transp_FA"
"CK-9008",2001,68247,NA,68247,"DU_TBD6","Fraser-Harrison fall transplant_FA_0.3","Chil_transp_FA"
"CK-9008",2002,58852,NA,58852,"DU_TBD6","Fraser-Harrison fall transplant_FA_0.3","Chil_transp_FA"
"CK-9008",2003,54111,NA,54111,"DU_TBD6","Fraser-Harrison fall transplant_FA_0.3","Chil_transp_FA"
"CK-9008",2004,54485,NA,54485,"DU_TBD6","Fraser-Harrison fall transplant_FA_0.3","Chil_transp_FA"
"CK-9008",2005,31099,NA,31099,"DU_TBD6","Fraser-Harrison fall transplant_FA_0.3","Chil_transp_FA"
"CK-9008",2006,41312,NA,41312,"DU_TBD6","Fraser-Harrison fall transplant_FA_0.3","Chil_transp_FA"
"CK-9008",2007,23514,NA,23514,"DU_TBD6","Fraser-Harrison fall transplant_FA_0.3","Chil_transp_FA"
"CK-9008",2008,35732,NA,35732,"DU_TBD6","Fraser-Harrison fall transplant_FA_0.3","Chil_transp_FA"
"CK-9008",2009,14116,NA,14116,"DU_TBD6","Fraser-Harrison fall transplant_FA_0.3","Chil_transp_FA"
"CK-9008",2010,74947,NA,74947,"DU_TBD6","Fraser-Harrison fall transplant_FA_0.3","Chil_transp_FA"
"CK-9008",2011,47986,NA,47986,"DU_TBD6","Fraser-Harrison fall transplant_FA_0.3","Chil_transp_FA"
"CK-9008",2012,14566,NA,14566,"DU_TBD6","Fraser-Harrison fall transplant_FA_0.3","Chil_transp_FA"
"CK-9008",2013,45713,NA,45713,"DU_TBD6","Fraser-Harrison fall transplant_FA_0.3","Chil_transp_FA"
"CK-9008",2014,49904,NA,49904,"DU_TBD6","Fraser-Harrison fall transplant_FA_0.3","Chil_transp_FA"
"CK-9008",2015,25849,NA,25849,"DU_TBD6","Fraser-Harrison fall transplant_FA_0.3","Chil_transp_FA"
"CK-9008",2016,34397,NA,34397,"DU_TBD6","Fraser-Harrison fall transplant_FA_0.3","Chil_transp_FA"
"CK-9008",2017,20184,NA,20184,"DU_TBD6","Fraser-Harrison fall transplant_FA_0.3","Chil_transp_FA"
"CK-9008",2018,17810,NA,17810,"DU_TBD6","Fraser-Harrison fall transplant_FA_0.3","Chil_transp_FA"
"CK-9008",2019,70366,NA,70366,"DU_TBD6","Fraser-Harrison fall transplant_FA_0.3","Chil_transp_FA"
"CK-9008",2020,35795,NA,35795,"DU_TBD6","Fraser-Harrison fall transplant_FA_0.3","Chil_transp_FA"
"CK-9008",2021,52868,NA,52868,"DU_TBD6","Fraser-Harrison fall transplant_FA_0.3","Chil_transp_FA"
"CK-9008",2022,56170,NA,56170,"DU_TBD6","Fraser-Harrison fall transplant_FA_0.3","Chil_transp_FA"
